-- MySQL dump 10.13  Distrib 8.0.41, for Win64 (x86_64)
--
-- Host: localhost    Database: ih_gambling
-- ------------------------------------------------------
-- Server version	8.0.41

/*!40101 SET @OLD_CHARACTER_SET_CLIENT=@@CHARACTER_SET_CLIENT */;
/*!40101 SET @OLD_CHARACTER_SET_RESULTS=@@CHARACTER_SET_RESULTS */;
/*!40101 SET @OLD_COLLATION_CONNECTION=@@COLLATION_CONNECTION */;
/*!50503 SET NAMES utf8 */;
/*!40103 SET @OLD_TIME_ZONE=@@TIME_ZONE */;
/*!40103 SET TIME_ZONE='+00:00' */;
/*!40014 SET @OLD_UNIQUE_CHECKS=@@UNIQUE_CHECKS, UNIQUE_CHECKS=0 */;
/*!40014 SET @OLD_FOREIGN_KEY_CHECKS=@@FOREIGN_KEY_CHECKS, FOREIGN_KEY_CHECKS=0 */;
/*!40101 SET @OLD_SQL_MODE=@@SQL_MODE, SQL_MODE='NO_AUTO_VALUE_ON_ZERO' */;
/*!40111 SET @OLD_SQL_NOTES=@@SQL_NOTES, SQL_NOTES=0 */;

--
-- Table structure for table `account`
--

DROP TABLE IF EXISTS `account`;
/*!40101 SET @saved_cs_client     = @@character_set_client */;
/*!50503 SET character_set_client = utf8mb4 */;
CREATE TABLE `account` (
  `AccountNo` text NOT NULL,
  `CustId` int DEFAULT NULL,
  `AccountLocation` text,
  `CurrencyCode` text,
  `DailyDepositLimit` int DEFAULT NULL,
  `StakeScale` double DEFAULT NULL,
  `SourceProd` text,
  PRIMARY KEY (`AccountNo`(10))
) ENGINE=InnoDB DEFAULT CHARSET=utf8mb4 COLLATE=utf8mb4_0900_ai_ci;
/*!40101 SET character_set_client = @saved_cs_client */;

--
-- Dumping data for table `account`
--

LOCK TABLES `account` WRITE;
/*!40000 ALTER TABLE `account` DISABLE KEYS */;
INSERT INTO `account` VALUES ('00357DG   ',3531845,'GIB','GBP',0,1,'GM'),('00497XG   ',4188499,'GIB','GBP',0,1,'SB'),('00692VS   ',4704925,'GIB','USD',0,2,'SB'),('00775SM   ',2815836,'GIB','USD',0,1,'SB'),('00C017    ',889782,'GIB','GBP',1500,0.41,'XX'),('00J381    ',1191874,'GIB','GBP',500,8,'XX'),('01148BP   ',1569944,'GIB','GBP',0,8,'XX'),('01152SJ   ',1965214,'GIB','USD',0,1,'PO'),('01196ZZ   ',3042166,'GIB','EUR',0,8,'SB'),('01284UW   ',5694730,'GIB','GBP',0,1,'SB');
/*!40000 ALTER TABLE `account` ENABLE KEYS */;
UNLOCK TABLES;

--
-- Table structure for table `betting`
--

DROP TABLE IF EXISTS `betting`;
/*!40101 SET @saved_cs_client     = @@character_set_client */;
/*!50503 SET character_set_client = utf8mb4 */;
CREATE TABLE `betting` (
  `AccountNo` text,
  `ClassId` text,
  `CategoryId` int DEFAULT NULL,
  `Source` text,
  `BetCount` int DEFAULT NULL,
  `Bet_Amt` double DEFAULT NULL,
  `Win_Amt` double DEFAULT NULL,
  `Product` text,
  `AccountNo_0` text,
  `Bet_Amt_0` double DEFAULT NULL,
  `Product_0` text,
  `AccountNo_1` text,
  `Vegas` text,
  `Sportsbook` text,
  `Games` text,
  `Casino` text,
  `Poker` text,
  `Bingo` text,
  `#N/A` text,
  `Adjustments` text,
  `BetDate` date DEFAULT NULL
) ENGINE=InnoDB DEFAULT CHARSET=utf8mb4 COLLATE=utf8mb4_0900_ai_ci;
/*!40101 SET character_set_client = @saved_cs_client */;

--
-- Dumping data for table `betting`
--

LOCK TABLES `betting` WRITE;
/*!40000 ALTER TABLE `betting` DISABLE KEYS */;
INSERT INTO `betting` VALUES ('01196ZZ   ','22512_XFER',22512,'I',189,29364,28947,'Vegas','01196ZZ   ',29364,'Vegas','01196ZZ   ','89,861','42,758',' -   ','1,262',' -   ',' -   ',' -   ',' -   ','2012-11-24'),('00357DG   ','22512_XFER',22512,'I',1415,19835,18639.15,'Vegas','00357DG   ',19835,'Vegas','00357DG   ','191,805','100','16,900','20',' -   ','50',' -   ','295','2012-11-27'),('00357DG   ','22512_XFER',22512,'I',2026,19280.8,17904.5,'Vegas','00357DG   ',19280.8,'Vegas','01284UW   ',' -   ','152,613',' -   ',' -   ',' -   ',' -   ',' -   ',' -   ','2012-11-24'),('01196ZZ   ','22512_XFER',22512,'I',151,17301,16956,'Vegas','01196ZZ   ',17301,'Vegas','01148BP   ','7,030','290,958',' -   ',' -   ',' -   ',' -   ','500',' -   ','2012-12-19'),('01284UW   ','46',5,'I',25,16850,3319.11,'Sportsbook','01284UW   ',16850,'Sportsbook','00497XG   ',' -   ',' -   ','25,785',' -   ',' -   ',' -   ',' -   ',' -   ','2012-10-21'),('00357DG   ','22512_XFER',22512,'I',1859,16078.5,12299.52,'Vegas','00357DG   ',16078.5,'Vegas','01152SJ   ',' -   ',' -   ',' -   ','43,494','46,893',' -   ',' -   ',' -   ','2012-11-26'),('00357DG   ','22512_XFER',22512,'I',1469,15204,14758.8,'Vegas','00357DG   ',15204,'Vegas','00C017    ',' -   ','200',' -   ',' -   ','17,465','2,143',' -   ',' -   ','2012-11-17'),('00357DG   ','22512_XFER',22512,'I',920,15000,10169.8,'Vegas','00357DG   ',15000,'Vegas','00J381    ',' -   ','36,855',' -   ',' -   ',' -   ',' -   ','826',' -   ','2012-11-30'),('01284UW   ','46',5,'I',25,13700,10781.59,'Sportsbook','01284UW   ',13700,'Sportsbook','00775SM   ','118','46','141','20',' -   ','993',' -   ',' -   ','2012-10-14'),('01284UW   ','36',5,'I',16,13655,20945.93,'Sportsbook','01284UW   ',13655,'Sportsbook','','','','','','','','','','2012-10-16'),('01284UW   ','46',5,'I',87,13405.14,3500,'Sportsbook','01284UW   ',13405.14,'Sportsbook','','','','','','','','','','2012-11-03'),('01284UW   ','274',5,'I',17,12370,0,'Sportsbook','01284UW   ',12370,'Sportsbook','','','','','','','','','','2012-10-10'),('00357DG   ','22512_XFER',22512,'I',1152,12133,11300.9,'Vegas','00357DG   ',12133,'Vegas','','','','','','','','','','2012-11-15'),('00357DG   ','22512_XFER',22512,'I',507,11614,8729.6,'Vegas','00357DG   ',11614,'Vegas','','','','','','','','','','2012-11-28'),('00357DG   ','22512_XFER',22512,'I',557,11176,9751.6,'Vegas','00357DG   ',11176,'Vegas','','','','','','','','','','2012-12-05'),('01196ZZ   ','22512_XFER',22512,'I',167,10896,10410,'Vegas','01196ZZ   ',10896,'Vegas','','','','','','','','','','2012-12-15'),('01284UW   ','46',5,'I',34,10674.28,12210,'Sportsbook','01284UW   ',10674.28,'Sportsbook','','','','','','','','','','2012-11-01'),('01196ZZ   ','22512_XFER',22512,'I',106,10011,8736,'Vegas','01196ZZ   ',10011,'Vegas','','','','','','','','','','2012-11-28'),('01148BP   ','2',9,'I',30,9800,8200,'Sportsbook','01148BP   ',9800,'Sportsbook','','','','','','','','','','2012-09-17'),('01148BP   ','2',9,'I',28,9252.5,15353.75,'Sportsbook','01148BP   ',9252.5,'Sportsbook','','','','','','','','','','2012-11-17'),('00357DG   ','22512_XFER',22512,'I',1201,9154.2,7138.3,'Vegas','00357DG   ',9154.2,'Vegas','','','','','','','','','','2012-11-14'),('01148BP   ','2',9,'I',33,9108.33,14245.83,'Sportsbook','01148BP   ',9108.33,'Sportsbook','','','','','','','','','','2012-10-09'),('01196ZZ   ','22512_XFER',22512,'I',90,8815.5,8595,'Vegas','01196ZZ   ',8815.5,'Vegas','','','','','','','','','','2012-12-08'),('00357DG   ','22512_XFER',22512,'I',998,8534,7082,'Vegas','00357DG   ',8534,'Vegas','','','','','','','','','','2012-11-23'),('00357DG   ','613',0,'I',988,8472.6,8829.2,'Games','00357DG   ',8472.6,'Games','','','','','','','','','','2012-11-12'),('01148BP   ','2',9,'I',22,7687.5,6587.5,'Sportsbook','01148BP   ',7687.5,'Sportsbook','','','','','','','','','','2012-12-10'),('01148BP   ','2',9,'I',17,7625,4925,'Sportsbook','01148BP   ',7625,'Sportsbook','','','','','','','','','','2012-10-18'),('01148BP   ','2',9,'I',18,7493.75,1593.75,'Sportsbook','01148BP   ',7493.75,'Sportsbook','','','','','','','','','','2012-11-07'),('00497XG   ','601',0,'I',1190,7450.2,6870.91,'Games','00497XG   ',7450.2,'Games','','','','','','','','','','2012-12-27'),('01148BP   ','2',9,'I',17,7450,2150,'Sportsbook','01148BP   ',7450,'Sportsbook','','','','','','','','','','2012-10-21'),('01284UW   ','36',5,'I',8,7150,0,'Sportsbook','01284UW   ',7150,'Sportsbook','','','','','','','','','','2012-10-11'),('00357DG   ','22512_XFER',22512,'I',1007,6918,3831.35,'Vegas','00357DG   ',6918,'Vegas','','','','','','','','','','2012-11-19'),('01284UW   ','274',5,'I',9,6550,6453.33,'Sportsbook','01284UW   ',6550,'Sportsbook','','','','','','','','','','2012-10-14'),('00357DG   ','22512_XFER',22512,'I',1042,6538,5236.3,'Vegas','00357DG   ',6538,'Vegas','','','','','','','','','','2012-11-12'),('00357DG   ','22512_XFER',22512,'I',711,6529,3679.25,'Vegas','00357DG   ',6529,'Vegas','','','','','','','','','','2012-11-20'),('01148BP   ','2',9,'I',18,6015.63,8737.52,'Sportsbook','01148BP   ',6015.63,'Sportsbook','','','','','','','','','','2012-10-24'),('01148BP   ','2',9,'I',20,5915.65,5203.15,'Sportsbook','01148BP   ',5915.65,'Sportsbook','','','','','','','','','','2012-10-02'),('01148BP   ','2',9,'I',19,5887.5,7300,'Sportsbook','01148BP   ',5887.5,'Sportsbook','','','','','','','','','','2012-09-28'),('01148BP   ','2',9,'I',19,5800,6605,'Sportsbook','01148BP   ',5800,'Sportsbook','','','','','','','','','','2012-10-17'),('01148BP   ','22512_XFER',22512,'I',68,5760,6030,'Vegas','01148BP   ',5760,'Vegas','','','','','','','','','','2012-11-27'),('00357DG   ','22512_XFER',22512,'I',1482,5652.4,3412.6,'Vegas','00357DG   ',5652.4,'Vegas','','','','','','','','','','2012-11-08'),('01148BP   ','2',9,'I',17,5600,4200,'Sportsbook','01148BP   ',5600,'Sportsbook','','','','','','','','','','2012-12-05'),('01148BP   ','2',9,'I',21,5560.18,5726.25,'Sportsbook','01148BP   ',5560.18,'Sportsbook','','','','','','','','','','2012-09-16'),('01152SJ   ','22528_PRCH',22528,'I',3,5451.3013,0,'Casino','01152SJ   ',5451.3013,'Casino','','','','','','','','','','2012-12-01'),('01148BP   ','2',9,'I',15,5350,7350,'Sportsbook','01148BP   ',5350,'Sportsbook','','','','','','','','','','2012-12-01'),('01148BP   ','2',9,'I',14,5293.75,5393.75,'Sportsbook','01148BP   ',5293.75,'Sportsbook','','','','','','','','','','2012-12-09'),('01284UW   ','1',5,'I',35,5290,5720,'Sportsbook','01284UW   ',5290,'Sportsbook','','','','','','','','','','2012-10-31'),('01148BP   ','2',9,'I',17,5250,5550,'Sportsbook','01148BP   ',5250,'Sportsbook','','','','','','','','','','2012-09-20'),('01148BP   ','2',9,'I',16,5219.59,6857.42,'Sportsbook','01148BP   ',5219.59,'Sportsbook','','','','','','','','','','2012-10-25'),('00357DG   ','22512_XFER',22512,'I',323,5018,2367.3,'Vegas','00357DG   ',5018,'Vegas','','','','','','','','','','2012-11-29'),('01148BP   ','2',9,'I',21,4987.5,1975,'Sportsbook','01148BP   ',4987.5,'Sportsbook','','','','','','','','','','2012-10-03'),('01196ZZ   ','3',8,'I',25,4585,3448.75,'Sportsbook','01196ZZ   ',4585,'Sportsbook','','','','','','','','','','2012-10-20'),('01148BP   ','2',9,'I',15,4491.15,4925,'Sportsbook','01148BP   ',4491.15,'Sportsbook','','','','','','','','','','2012-11-19'),('01148BP   ','2',9,'I',11,4462.5,6487.5,'Sportsbook','01148BP   ',4462.5,'Sportsbook','','','','','','','','','','2012-11-06'),('01148BP   ','2',9,'I',17,4460,9228.13,'Sportsbook','01148BP   ',4460,'Sportsbook','','','','','','','','','','2012-09-14'),('01148BP   ','2',9,'I',10,4390,840,'Sportsbook','01148BP   ',4390,'Sportsbook','','','','','','','','','','2012-11-01'),('01148BP   ','2',9,'I',11,4300,1550,'Sportsbook','01148BP   ',4300,'Sportsbook','','','','','','','','','','2012-11-20'),('01196ZZ   ','2',9,'I',20,4290,1825,'Sportsbook','01196ZZ   ',4290,'Sportsbook','','','','','','','','','','2012-09-29'),('01196ZZ   ','22512_XFER',22512,'I',39,4265,5940,'Vegas','01196ZZ   ',4265,'Vegas','','','','','','','','','','2012-12-13'),('01148BP   ','2',9,'I',11,4240,1840,'Sportsbook','01148BP   ',4240,'Sportsbook','','','','','','','','','','2012-12-11'),('01148BP   ','2',9,'I',8,4237.5,5387.5,'Sportsbook','01148BP   ',4237.5,'Sportsbook','','','','','','','','','','2012-11-02'),('01152SJ   ','22527_PRCH',22527,'I',6,4234.6494,0,'Poker','01152SJ   ',4234.6494,'Poker','','','','','','','','','','2012-10-17'),('00357DG   ','22512_XFER',22512,'I',1056,4113,3992.2,'Vegas','00357DG   ',4113,'Vegas','','','','','','','','','','2012-11-06'),('01148BP   ','2',9,'I',11,4106.25,6156.25,'Sportsbook','01148BP   ',4106.25,'Sportsbook','','','','','','','','','','2012-11-16'),('01148BP   ','2',9,'I',12,4062.5,3187.5,'Sportsbook','01148BP   ',4062.5,'Sportsbook','','','','','','','','','','2012-10-26'),('00497XG   ','638',0,'I',1797,4031.29,3325.75,'Games','00497XG   ',4031.29,'Games','','','','','','','','','','2012-12-24'),('01148BP   ','2',9,'I',14,4020.31,4564.06,'Sportsbook','01148BP   ',4020.31,'Sportsbook','','','','','','','','','','2012-11-08'),('00497XG   ','638',0,'I',1198,3938.31,2457.3,'Games','00497XG   ',3938.31,'Games','','','','','','','','','','2012-12-25'),('01148BP   ','2',9,'I',15,3825,4625,'Sportsbook','01148BP   ',3825,'Sportsbook','','','','','','','','','','2012-09-11'),('01148BP   ','2',9,'I',14,3802.5,3302.5,'Sportsbook','01148BP   ',3802.5,'Sportsbook','','','','','','','','','','2012-10-27'),('01148BP   ','2',9,'I',9,3800,7237.5,'Sportsbook','01148BP   ',3800,'Sportsbook','','','','','','','','','','2012-10-19'),('01284UW   ','1',5,'I',7,3780,0,'Sportsbook','01284UW   ',3780,'Sportsbook','','','','','','','','','','2012-10-20'),('01148BP   ','2',9,'I',10,3681.25,5431.25,'Sportsbook','01148BP   ',3681.25,'Sportsbook','','','','','','','','','','2012-11-23'),('01196ZZ   ','22512_XFER',22512,'I',38,3660,3510,'Vegas','01196ZZ   ',3660,'Vegas','','','','','','','','','','2012-12-23'),('01148BP   ','2',9,'I',10,3643.75,2800,'Sportsbook','01148BP   ',3643.75,'Sportsbook','','','','','','','','','','2012-11-09'),('01148BP   ','2',9,'I',12,3638,6000,'Sportsbook','01148BP   ',3638,'Sportsbook','','','','','','','','','','2012-09-27'),('01148BP   ','2',9,'I',10,3595.45,1495.45,'Sportsbook','01148BP   ',3595.45,'Sportsbook','','','','','','','','','','2012-10-10'),('01284UW   ','36',5,'I',9,3550,0,'Sportsbook','01284UW   ',3550,'Sportsbook','','','','','','','','','','2012-10-10'),('01152SJ   ','22528_PRCH',22528,'I',2,3497.377,0,'Casino','01152SJ   ',3497.377,'Casino','','','','','','','','','','2012-12-03'),('01148BP   ','2',9,'N',6,3470,1320,'Sportsbook','01148BP   ',3470,'Sportsbook','','','','','','','','','','2012-09-01'),('01152SJ   ','22527_PRCH',22527,'I',2,3370.3864,0,'Poker','01152SJ   ',3370.3864,'Poker','','','','','','','','','','2012-12-01'),('01284UW   ','46',5,'I',36,3315,960,'Sportsbook','01284UW   ',3315,'Sportsbook','','','','','','','','','','2012-10-31'),('00357DG   ','22512_XFER',22512,'I',340,3310,2005,'Vegas','00357DG   ',3310,'Vegas','','','','','','','','','','2012-11-22'),('00497XG   ','638',0,'I',1230,3295.93,2748.83,'Games','00497XG   ',3295.93,'Games','','','','','','','','','','2012-12-27'),('01148BP   ','2',9,'I',11,3275,2275,'Sportsbook','01148BP   ',3275,'Sportsbook','','','','','','','','','','2012-12-12'),('00357DG   ','22512_XFER',22512,'I',826,3192,2335,'Vegas','00357DG   ',3192,'Vegas','','','','','','','','','','2012-11-10'),('01284UW   ','36',5,'I',12,3180,25348.33,'Sportsbook','01284UW   ',3180,'Sportsbook','','','','','','','','','','2012-10-12'),('00357DG   ','22512_XFER',22512,'I',709,3158,3208.1,'Vegas','00357DG   ',3158,'Vegas','','','','','','','','','','2012-11-05'),('01148BP   ','2',9,'M',11,3150,5100,'Sportsbook','01148BP   ',3150,'Sportsbook','','','','','','','','','','2012-12-08'),('01284UW   ','46',5,'I',25,3145,2380,'Sportsbook','01284UW   ',3145,'Sportsbook','','','','','','','','','','2012-10-30'),('01148BP   ','3',8,'I',8,3137.5,1687.5,'Sportsbook','01148BP   ',3137.5,'Sportsbook','','','','','','','','','','2012-11-20'),('01148BP   ','2',9,'I',7,2860,3293.75,'Sportsbook','01148BP   ',2860,'Sportsbook','','','','','','','','','','2012-12-03'),('01148BP   ','2',9,'I',7,2800,3000,'Sportsbook','01148BP   ',2800,'Sportsbook','','','','','','','','','','2012-10-31'),('01196ZZ   ','2',9,'I',11,2760,2000,'Sportsbook','01196ZZ   ',2760,'Sportsbook','','','','','','','','','','2012-10-23'),('00497XG   ','638',0,'I',986,2742.5,1674.6,'Games','00497XG   ',2742.5,'Games','','','','','','','','','','2012-12-26'),('01148BP   ','2',9,'M',7,2700,4950,'Sportsbook','01148BP   ',2700,'Sportsbook','','','','','','','','','','2012-12-07'),('01284UW   ','36',5,'I',7,2700,0,'Sportsbook','01284UW   ',2700,'Sportsbook','','','','','','','','','','2012-10-14'),('01196ZZ   ','2',9,'I',14,2650,1800,'Sportsbook','01196ZZ   ',2650,'Sportsbook','','','','','','','','','','2012-09-23'),('01284UW   ','36',5,'I',6,2600,0,'Sportsbook','01284UW   ',2600,'Sportsbook','','','','','','','','','','2012-10-15'),('01148BP   ','2',9,'I',8,2550,1550,'Sportsbook','01148BP   ',2550,'Sportsbook','','','','','','','','','','2012-09-21'),('01148BP   ','2',9,'I',8,2540,1877.5,'Sportsbook','01148BP   ',2540,'Sportsbook','','','','','','','','','','2012-10-15'),('01148BP   ','2',9,'N',7,2536.72,4839.22,'Sportsbook','01148BP   ',2536.72,'Sportsbook','','','','','','','','','','2012-10-20'),('01148BP   ','2',9,'I',13,2525,3065.63,'Sportsbook','01148BP   ',2525,'Sportsbook','','','','','','','','','','2012-09-05'),('01148BP   ','3',8,'I',7,2500,3200,'Sportsbook','01148BP   ',2500,'Sportsbook','','','','','','','','','','2012-11-19'),('01284UW   ','274',5,'I',2,2500,0,'Sportsbook','01284UW   ',2500,'Sportsbook','','','','','','','','','','2012-10-21'),('00357DG   ','22512_XFER',22512,'I',619,2428,2557.6,'Vegas','00357DG   ',2428,'Vegas','','','','','','','','','','2012-11-09'),('01148BP   ','2',9,'I',7,2393.75,7331.25,'Sportsbook','01148BP   ',2393.75,'Sportsbook','','','','','','','','','','2012-10-16'),('01152SJ   ','22528_PRCH',22528,'I',2,2377.08,0,'Casino','01152SJ   ',2377.08,'Casino','','','','','','','','','','2012-10-25'),('01152SJ   ','22528_PRCH',22528,'I',2,2365.0121,0,'Casino','01152SJ   ',2365.0121,'Casino','','','','','','','','','','2012-10-14'),('01152SJ   ','22527_PRCH',22527,'I',2,2313.7433,0,'Poker','01152SJ   ',2313.7433,'Poker','','','','','','','','','','2012-10-25'),('01148BP   ','2',9,'I',8,2275,1525,'Sportsbook','01148BP   ',2275,'Sportsbook','','','','','','','','','','2012-12-19'),('01196ZZ   ','2',9,'I',13,2223,1848.73,'Sportsbook','01196ZZ   ',2223,'Sportsbook','','','','','','','','','','2012-11-19'),('01148BP   ','2',9,'M',5,2200,900,'Sportsbook','01148BP   ',2200,'Sportsbook','','','','','','','','','','2012-09-29'),('01152SJ   ','22527_PRCH',22527,'I',5,2177.5649,0,'Poker','01152SJ   ',2177.5649,'Poker','','','','','','','','','','2012-10-16'),('01148BP   ','2',9,'I',7,2162.5,3912.5,'Sportsbook','01148BP   ',2162.5,'Sportsbook','','','','','','','','','','2012-11-30'),('01152SJ   ','22528_PRCH',22528,'I',1,2115.3487,0,'Casino','01152SJ   ',2115.3487,'Casino','','','','','','','','','','2012-10-16'),('01196ZZ   ','2',9,'I',14,2112,557.05,'Sportsbook','01196ZZ   ',2112,'Sportsbook','','','','','','','','','','2012-10-17'),('01196ZZ   ','2',9,'I',16,2030,3475.5,'Sportsbook','01196ZZ   ',2030,'Sportsbook','','','','','','','','','','2012-12-08'),('01148BP   ','2',9,'I',7,2020,3820,'Sportsbook','01148BP   ',2020,'Sportsbook','','','','','','','','','','2012-11-26'),('01148BP   ','2',9,'I',6,2008,0,'Sportsbook','01148BP   ',2008,'Sportsbook','','','','','','','','','','2012-09-18'),('01148BP   ','2',9,'I',5,2000,0,'Sportsbook','01148BP   ',2000,'Sportsbook','','','','','','','','','','2012-10-23'),('01148BP   ','2',9,'I',7,2000,1837.5,'Sportsbook','01284UW   ',1985,'Sportsbook','','','','','','','','','','2012-11-13'),('01284UW   ','46',5,'I',11,1985,2325.56,'Sportsbook','01284UW   ',1980,'Sportsbook','','','','','','','','','','2012-11-02'),('01284UW   ','1',5,'I',14,1980,2800,'Sportsbook','01152SJ   ',1948.2058,'Poker','','','','','','','','','','2012-10-30'),('01152SJ   ','22527_PRCH',22527,'I',2,1948.2058,0,'Poker','01148BP   ',1900,'Sportsbook','','','','','','','','','','2012-09-08'),('01148BP   ','2',9,'I',9,1900,3300,'Sportsbook','01152SJ   ',1873.5948,'Poker','','','','','','','','','','2012-09-12'),('01152SJ   ','22527_PRCH',22527,'I',1,1873.5948,0,'Poker','01152SJ   ',1870.4408,'Casino','','','','','','','','','','2012-12-03'),('01152SJ   ','22528_PRCH',22528,'I',2,1870.4408,0,'Casino','01152SJ   ',1859.6764,'Poker','','','','','','','','','','2012-12-09'),('01152SJ   ','22527_PRCH',22527,'I',1,1859.6764,0,'Poker','01148BP   ',1850,'Sportsbook','','','','','','','','','','2012-12-28'),('01148BP   ','2',9,'I',7,1850,2400,'Sportsbook','00357DG   ',1835,'Vegas','','','','','','','','','','2012-11-10'),('00357DG   ','22512_XFER',22512,'I',242,1835,1662.5,'Vegas','01148BP   ',1812.5,'Sportsbook','','','','','','','','','','2012-11-13'),('01148BP   ','2',9,'I',7,1812.5,562.5,'Sportsbook','01148BP   ',1800,'Sportsbook','','','','','','','','','','2012-10-22'),('01148BP   ','2',9,'I',5,1800,3125,'Sportsbook','01196ZZ   ',1800,'Sportsbook','','','','','','','','','','2012-10-01'),('01196ZZ   ','2',9,'I',5,1800,0,'Sportsbook','01152SJ   ',1796.4444,'Poker','','','','','','','','','','2012-11-20'),('01152SJ   ','22527_PRCH',22527,'I',6,1796.4444,0,'Poker','01152SJ   ',1785.2668,'Casino','','','','','','','','','','2012-10-19'),('01152SJ   ','22528_PRCH',22528,'I',4,1785.2668,0,'Casino','01196ZZ   ',1770,'Sportsbook','','','','','','','','','','2012-09-09'),('01196ZZ   ','2',9,'I',9,1770,4270.5,'Sportsbook','01152SJ   ',1743.6792,'Casino','','','','','','','','','','2012-11-17'),('01152SJ   ','22528_PRCH',22528,'I',1,1743.6792,0,'Casino','01148BP   ',1737.5,'Sportsbook','','','','','','','','','','2012-10-17'),('01148BP   ','2',9,'I',6,1737.5,1806.25,'Sportsbook','01152SJ   ',1705.9773,'Poker','','','','','','','','','','2012-10-29'),('01152SJ   ','22527_PRCH',22527,'I',6,1705.9773,0,'Poker','01148BP   ',1700.13,'Sportsbook','','','','','','','','','','2012-10-20'),('01148BP   ','2',9,'I',8,1700.13,0,'Sportsbook','01148BP   ',1700,'Sportsbook','','','','','','','','','','2012-09-15'),('01148BP   ','2',9,'I',6,1700,0,'Sportsbook','01284UW   ',1700,'Sportsbook','','','','','','','','','','2012-10-11'),('01284UW   ','46',5,'I',7,1700,0,'Sportsbook','01148BP   ',1680,'Sportsbook','','','','','','','','','','2012-10-20'),('01148BP   ','2',9,'N',4,1680,0,'Sportsbook','01152SJ   ',1644.7409,'Poker','','','','','','','','','','2012-10-17'),('01152SJ   ','22527_PRCH',22527,'I',2,1644.7409,0,'Poker','00357DG   ',1640,'Games','','','','','','','','','','2012-12-09'),('00357DG   ','612',0,'I',351,1640,1325.25,'Games','01148BP   ',1640,'Sportsbook','','','','','','','','','','2012-11-12'),('01148BP   ','2',9,'M',5,1640,1640,'Sportsbook','01148BP   ',1600,'Sportsbook','','','','','','','','','','2012-09-15'),('01148BP   ','2',9,'I',5,1600,2450,'Sportsbook','01148BP   ',1595,'Sportsbook','','','','','','','','','','2012-12-02'),('01148BP   ','3',8,'I',4,1595,2745,'Sportsbook','00357DG   ',1580,'Vegas','','','','','','','','','','2012-10-18'),('00357DG   ','22512_XFER',22512,'I',437,1580,1337.1,'Vegas','01152SJ   ',1562.0119,'Poker','','','','','','','','','','2012-11-02'),('01152SJ   ','22527_PRCH',22527,'I',1,1562.0119,0,'Poker','01152SJ   ',1557.7677,'Poker','','','','','','','','','','2012-11-30'),('01152SJ   ','22527_PRCH',22527,'I',2,1557.7677,0,'Poker','01284UW   ',1554,'Sportsbook','','','','','','','','','','2012-10-15'),('01284UW   ','46',5,'I',33,1554,1369.69,'Sportsbook','01148BP   ',1550,'Sportsbook','','','','','','','','','','2012-12-23'),('01148BP   ','2',9,'I',5,1550,0,'Sportsbook','00497XG   ',1540.05,'Games','','','','','','','','','','2012-09-22'),('01148BP   ','2',9,'I',3,1550,0,'Sportsbook','01152SJ   ',1516.7794,'Casino','','','','','','','','','','2012-11-03'),('00497XG   ','638',0,'I',617,1540.05,1295.26,'Games','00C017    ',1500,'Poker','','','','','','','','','','2012-12-30'),('01152SJ   ','22528_PRCH',22528,'I',3,1516.7794,0,'Casino','01148BP   ',1500,'Sportsbook','','','','','','','','','','2012-09-01'),('00C017    ','22527_PRCH',22527,'I',4,1500,0,'Poker','01152SJ   ',1479.4054,'Casino','','','','','','','','','','2012-11-23'),('01148BP   ','2',9,'N',4,1500,900,'Sportsbook','01148BP   ',1450,'Sportsbook','','','','','','','','','','2012-11-23'),('01152SJ   ','22528_PRCH',22528,'I',3,1479.4054,0,'Casino','01152SJ   ',1436.9968,'Poker','','','','','','','','','','2012-10-04'),('01148BP   ','2',9,'I',4,1450,0,'Sportsbook','01196ZZ   ',1414,'Sportsbook','','','','','','','','','','2012-09-07'),('01148BP   ','2',9,'N',2,1450,2200,'Sportsbook','01196ZZ   ',1412,'Sportsbook','','','','','','','','','','2012-12-07'),('01152SJ   ','22527_PRCH',22527,'I',1,1436.9968,0,'Poker','01148BP   ',1408.13,'Sportsbook','','','','','','','','','','2012-12-02'),('01196ZZ   ','3',8,'I',9,1414,550,'Sportsbook','01148BP   ',1400,'Sportsbook','','','','','','','','','','2012-11-17'),('01196ZZ   ','2',9,'I',12,1412,406.5,'Sportsbook','01196ZZ   ',1400,'Vegas','','','','','','','','','','2012-11-24'),('01148BP   ','2',9,'I',5,1408.13,1556.88,'Sportsbook','01152SJ   ',1355.7315,'Casino','','','','','','','','','','2012-11-18'),('01148BP   ','2',9,'I',4,1400,0,'Sportsbook','01196ZZ   ',1348,'Sportsbook','','','','','','','','','','2012-09-06'),('01196ZZ   ','22512_XFER',22512,'I',16,1400,900,'Vegas','01148BP   ',1337.5,'Sportsbook','','','','','','','','','','2012-12-17'),('01152SJ   ','22528_PRCH',22528,'I',1,1355.7315,0,'Casino','01148BP   ',1315,'Sportsbook','','','','','','','','','','2012-12-10'),('01196ZZ   ','2',9,'I',5,1348,3773.25,'Sportsbook','01152SJ   ',1309.9826,'Poker','','','','','','','','','','2012-10-15'),('01148BP   ','2',9,'I',3,1337.5,900,'Sportsbook','01152SJ   ',1306.1579,'Casino','','','','','','','','','','2012-11-21'),('01148BP   ','2',9,'I',5,1315,1275,'Sportsbook','01148BP   ',1300,'Sportsbook','','','','','','','','','','2012-10-20'),('01152SJ   ','22527_PRCH',22527,'I',1,1309.9826,0,'Poker','01148BP   ',1275,'Sportsbook','','','','','','','','','','2012-12-08'),('01152SJ   ','22528_PRCH',22528,'I',5,1306.1579,0,'Casino','01148BP   ',1270,'Vegas','','','','','','','','','','2012-10-18'),('01148BP   ','2',9,'N',3,1300,3600,'Sportsbook','01152SJ   ',1261.1322,'Poker','','','','','','','','','','2012-12-05'),('01148BP   ','2',9,'N',4,1275,550,'Sportsbook','01148BP   ',1250,'Sportsbook','','','','','','','','','','2012-10-01'),('01148BP   ','22512_XFER',22512,'I',25,1270,1200,'Vegas','00C017    ',1230,'Poker','','','','','','','','','','2012-11-26'),('01152SJ   ','22527_PRCH',22527,'I',2,1261.1322,0,'Poker','01196ZZ   ',1225.6,'Vegas','','','','','','','','','','2012-10-14'),('01148BP   ','2',9,'I',9,1250,650,'Sportsbook','01148BP   ',1225,'Sportsbook','','','','','','','','','','2012-10-05'),('00C017    ','22527_PRCH',22527,'I',5,1230,0,'Poker','00J381    ',1200,'Sportsbook','','','','','','','','','','2012-12-21'),('01196ZZ   ','22512_XFER',22512,'I',613,1225.6,901.1,'Vegas','01148BP   ',1200,'Sportsbook','','','','','','','','','','2012-10-23'),('01148BP   ','2',9,'M',3,1225,0,'Sportsbook','01196ZZ   ',1200,'Sportsbook','','','','','','','','','','2012-10-27'),('00J381    ','2',9,'M',7,1200,500,'Sportsbook','01284UW   ',1200,'Sportsbook','','','','','','','','','','2012-12-06'),('01148BP   ','2',9,'I',4,1200,0,'Sportsbook','01152SJ   ',1181.1464,'Casino','','','','','','','','','','2012-11-24'),('01196ZZ   ','3',8,'I',10,1200,1425,'Sportsbook','00497XG   ',1180.12,'Games','','','','','','','','','','2012-10-17'),('01196ZZ   ','2',9,'I',3,1200,0,'Sportsbook','00J381    ',1165,'Sportsbook','','','','','','','','','','2012-11-16'),('01284UW   ','46',5,'I',1,1200,0,'Sportsbook','01148BP   ',1150,'Sportsbook','','','','','','','','','','2012-10-11'),('01152SJ   ','22528_PRCH',22528,'I',1,1181.1464,0,'Casino','00357DG   ',1134,'Games','','','','','','','','','','2012-12-07'),('00497XG   ','638',0,'I',817,1180.12,590.33,'Games','01148BP   ',1132.42,'Sportsbook','','','','','','','','','','2012-12-31'),('00J381    ','2',9,'M',9,1165,1725,'Sportsbook','00497XG   ',1130.8,'Games','','','','','','','','','','2012-10-03'),('01148BP   ','2',9,'M',4,1150,1000,'Sportsbook','01196ZZ   ',1130,'Sportsbook','','','','','','','','','','2012-11-23'),('00357DG   ','635',0,'I',204,1134,918.5,'Games','01148BP   ',1125,'Sportsbook','','','','','','','','','','2012-11-15'),('01148BP   ','2',9,'N',3,1132.42,0,'Sportsbook','01284UW   ',1125,'Sportsbook','','','','','','','','','','2012-10-25'),('00497XG   ','601',0,'I',256,1130.8,912.28,'Games','01152SJ   ',1121.0344,'Poker','','','','','','','','','','2012-12-31'),('01196ZZ   ','3',8,'I',5,1130,1350,'Sportsbook','01152SJ   ',1119.2637,'Poker','','','','','','','','','','2012-10-23'),('01148BP   ','2',9,'I',7,1125,525,'Sportsbook','00357DG   ',1114.75,'Games','','','','','','','','','','2012-09-08'),('01284UW   ','46',5,'I',41,1125,996,'Sportsbook','01152SJ   ',1105.4211,'Casino','','','','','','','','','','2012-11-04'),('01152SJ   ','22527_PRCH',22527,'I',13,1121.0344,0,'Poker','01152SJ   ',1060.9748,'Casino','','','','','','','','','','2012-12-04'),('01152SJ   ','22527_PRCH',22527,'I',9,1119.2637,0,'Poker','01152SJ   ',1060.8424,'Casino','','','','','','','','','','2012-11-04'),('00357DG   ','613',0,'I',182,1114.75,649.15,'Games','01196ZZ   ',1050,'Sportsbook','','','','','','','','','','2012-11-13'),('01152SJ   ','22528_PRCH',22528,'I',5,1105.4211,0,'Casino','01196ZZ   ',1047,'Sportsbook','','','','','','','','','','2012-12-04'),('01152SJ   ','22528_PRCH',22528,'I',1,1060.9748,0,'Casino','01284UW   ',1030,'Sportsbook','','','','','','','','','','2012-10-13'),('01152SJ   ','22528_PRCH',22528,'I',1,1060.8424,0,'Casino','01284UW   ',1025,'Sportsbook','','','','','','','','','','2012-11-05'),('01196ZZ   ','2',9,'I',7,1050,0,'Sportsbook','01152SJ   ',1024.3583,'Poker','','','','','','','','','','2012-10-20'),('01196ZZ   ','3',8,'I',6,1047,700,'Sportsbook','00J381    ',1015.78,'Sportsbook','','','','','','','','','','2012-10-15'),('01284UW   ','46',5,'I',3,1030,0,'Sportsbook','01152SJ   ',1013.6139,'Casino','','','','','','','','','','2012-10-22'),('01284UW   ','275',5,'I',6,1025,0,'Sportsbook','01148BP   ',1006.25,'Sportsbook','','','','','','','','','','2012-10-23'),('01152SJ   ','22527_PRCH',22527,'I',3,1024.3583,0,'Poker','01152SJ   ',1002.2551,'Poker','','','','','','','','','','2012-10-18'),('00J381    ','2',9,'M',6,1015.78,3547.1,'Sportsbook','01148BP   ',1000,'Sportsbook','','','','','','','','','','2012-09-30'),('01152SJ   ','22528_PRCH',22528,'I',2,1013.6139,0,'Casino','01196ZZ   ',1000,'Sportsbook','','','','','','','','','','2012-12-26'),('01148BP   ','2',9,'I',5,1006.25,506.25,'Sportsbook','01284UW   ',1000,'Sportsbook','','','','','','','','','','2012-10-12'),('01152SJ   ','22527_PRCH',22527,'I',1,1002.2551,0,'Poker','01196ZZ   ',977,'Sportsbook','','','','','','','','','','2012-09-09'),('01148BP   ','2',9,'M',2,1000,0,'Sportsbook','00C017    ',950,'Poker','','','','','','','','','','2012-09-28'),('01148BP   ','2',9,'I',3,1000,0,'Sportsbook','01196ZZ   ',950,'Vegas','','','','','','','','','','2012-11-27'),('01148BP   ','2',9,'N',1,1000,0,'Sportsbook','01152SJ   ',933.8098,'Casino','','','','','','','','','','2012-12-12'),('01148BP   ','2',9,'N',2,1000,0,'Sportsbook','01148BP   ',912.5,'Sportsbook','','','','','','','','','','2012-12-26'),('01196ZZ   ','3',8,'I',6,1000,2850,'Sportsbook','00357DG   ',907,'Games','','','','','','','','','','2012-09-23'),('01284UW   ','46',5,'I',2,1000,0,'Sportsbook','00C017    ',900,'Poker','','','','','','','','','','2012-10-19'),('01196ZZ   ','2',9,'I',19,977,563,'Sportsbook','00J381    ',900,'Sportsbook','','','','','','','','','','2012-10-27'),('00C017    ','22527_PRCH',22527,'I',4,950,0,'Poker','01148BP   ',900,'Sportsbook','','','','','','','','','','2012-12-29'),('01196ZZ   ','22512_XFER',22512,'I',12,950,1440,'Vegas','01152SJ   ',870.0242,'Poker','','','','','','','','','','2012-12-06'),('01152SJ   ','22528_PRCH',22528,'I',10,933.8098,0,'Casino','00C017    ',870,'Poker','','','','','','','','','','2012-09-14'),('01148BP   ','2',9,'I',4,912.5,3143.75,'Sportsbook','00J381    ',863.13,'Sportsbook','','','','','','','','','','2012-10-30'),('00357DG   ','635',0,'I',178,907,681.8,'Games','01152SJ   ',859.7509,'Casino','','','','','','','','','','2012-11-20'),('00C017    ','22527_PRCH',22527,'I',7,900,0,'Poker','00J381    ',856.25,'Sportsbook','','','','','','','','','','2012-11-30'),('00J381    ','2',9,'M',4,900,900,'Sportsbook','00C017    ',855,'Poker','','','','','','','','','','2012-09-16'),('01148BP   ','2',9,'N',3,900,1050,'Sportsbook','01284UW   ',840,'Sportsbook','','','','','','','','','','2012-10-18'),('01148BP   ','2',9,'M',2,900,0,'Sportsbook','01148BP   ',837.5,'Sportsbook','','','','','','','','','','2012-10-21'),('01148BP   ','2',9,'M',3,900,750,'Sportsbook','01148BP   ',825,'Sportsbook','','','','','','','','','','2012-12-04'),('01152SJ   ','22527_PRCH',22527,'I',1,870.0242,0,'Poker','01152SJ   ',824.8574,'Poker','','','','','','','','','','2012-12-07'),('00C017    ','22527_PRCH',22527,'I',2,870,0,'Poker','01148BP   ',818,'Sportsbook','','','','','','','','','','2012-11-25'),('00J381    ','2',9,'M',6,863.13,0,'Sportsbook','01196ZZ   ',814.8,'Vegas','','','','','','','','','','2012-09-28'),('01152SJ   ','22528_PRCH',22528,'I',3,859.7509,0,'Casino','01284UW   ',810,'Sportsbook','','','','','','','','','','2012-09-26'),('00J381    ','323',9,'M',3,856.25,0,'Sportsbook','01152SJ   ',806.0617,'Poker','','','','','','','','','','2012-12-28'),('00C017    ','22527_PRCH',22527,'I',3,855,0,'Poker','00C017    ',800,'Poker','','','','','','','','','','2012-11-28'),('01284UW   ','1',5,'I',53,840,376.79,'Sportsbook','00J381    ',800,'Sportsbook','','','','','','','','','','2012-12-22'),('01148BP   ','2',9,'I',4,837.5,0,'Sportsbook','01148BP   ',800,'Sportsbook','','','','','','','','','','2012-11-14'),('01148BP   ','2',9,'N',2,825,1312.5,'Sportsbook','00357DG   ',785.5,'Games','','','','','','','','','','2012-09-28'),('01152SJ   ','22527_PRCH',22527,'I',2,824.8574,0,'Poker','01284UW   ',784.5,'Sportsbook','','','','','','','','','','2012-12-30'),('01148BP   ','2',9,'M',2,818,0,'Sportsbook','00J381    ',780,'Sportsbook','','','','','','','','','','2012-09-14'),('01196ZZ   ','22512_XFER',22512,'I',408,814.8,689,'Vegas','01196ZZ   ',775,'Sportsbook','','','','','','','','','','2012-09-24'),('01284UW   ','36',5,'I',5,810,0,'Sportsbook','01152SJ   ',770.9384,'Poker','','','','','','','','','','2012-10-31'),('01152SJ   ','22527_PRCH',22527,'I',1,806.0617,0,'Poker','01152SJ   ',756.3808,'Casino','','','','','','','','','','2012-12-27'),('00C017    ','22527_PRCH',22527,'I',3,800,0,'Poker','00J381    ',751.65,'Sportsbook','','','','','','','','','','2012-11-24'),('00C017    ','22527_PRCH',22527,'I',3,800,0,'Poker','01148BP   ',750,'Sportsbook','','','','','','','','','','2012-12-15'),('00J381    ','2',9,'N',4,800,1127.38,'Sportsbook','01284UW   ',750,'Sportsbook','','','','','','','','','','2012-09-09'),('01148BP   ','2',9,'N',2,800,0,'Sportsbook','01284UW   ',731,'Sportsbook','','','','','','','','','','2012-11-24'),('01148BP   ','2',9,'M',2,800,1150,'Sportsbook','00J381    ',730,'Sportsbook','','','','','','','','','','2012-11-30'),('00357DG   ','635',0,'I',131,785.5,575.95,'Games','00C017    ',724.8,'Bingo','','','','','','','','','','2012-11-14'),('01284UW   ','46',5,'I',23,784.5,635.85,'Sportsbook','00C017    ',700,'Poker','','','','','','','','','','2012-12-02'),('00J381    ','323',9,'M',3,780,1056.25,'Sportsbook','00J381    ',700,'Sportsbook','','','','','','','','','','2012-12-27'),('01196ZZ   ','3',8,'I',7,775,0,'Sportsbook','01148BP   ',700,'Sportsbook','','','','','','','','','','2012-09-29'),('01152SJ   ','22527_PRCH',22527,'I',15,770.9384,0,'Poker','01152SJ   ',698.979,'Casino','','','','','','','','','','2012-09-26'),('01152SJ   ','22528_PRCH',22528,'I',1,756.3808,0,'Casino','01148BP   ',690.63,'Sportsbook','','','','','','','','','','2012-12-06'),('00J381    ','323',9,'M',3,751.65,748.87,'Sportsbook','00C017    ',680,'Poker','','','','','','','','','','2012-09-15'),('01148BP   ','2',9,'N',2,750,0,'Sportsbook','01284UW   ',676,'Sportsbook','','','','','','','','','','2012-09-21'),('01148BP   ','2',9,'I',2,750,0,'Sportsbook','01284UW   ',675,'Sportsbook','','','','','','','','','','2012-12-15'),('01148BP   ','2',9,'I',3,750,0,'Sportsbook','01152SJ   ',671.3076,'Poker','','','','','','','','','','2012-12-20'),('01284UW   ','273',3,'I',6,750,925,'Sportsbook','00J381    ',664.38,'Sportsbook','','','','','','','','','','2012-12-02'),('01284UW   ','1',5,'I',21,731,685.33,'Sportsbook','01152SJ   ',662.2825,'Poker','','','','','','','','','','2012-12-23'),('00J381    ','323',9,'M',5,730,813.75,'Sportsbook','01152SJ   ',656.291,'Casino','','','','','','','','','','2012-11-09'),('00C017    ','22508_STKE',22508,'I',131,724.8,0,'Bingo','00J381    ',656.24,'Sportsbook','','','','','','','','','','2012-09-10'),('00C017    ','22527_PRCH',22527,'I',2,700,0,'Poker','00357DG   ',656,'Vegas','','','','','','','','','','2012-12-01'),('00J381    ','2',9,'M',4,700,900,'Sportsbook','00C017    ',656,'Bingo','','','','','','','','','','2012-09-17'),('00J381    ','2',9,'M',5,700,1200,'Sportsbook','00C017    ',650,'Poker','','','','','','','','','','2012-11-10'),('01148BP   ','2',9,'I',3,700,0,'Sportsbook','00J381    ',650,'Sportsbook','','','','','','','','','','2012-09-13'),('01148BP   ','2',9,'I',3,700,475,'Sportsbook','01148BP   ',650,'Sportsbook','','','','','','','','','','2012-11-04'),('01148BP   ','2',9,'M',2,700,1300,'Sportsbook','01284UW   ',650,'Sportsbook','','','','','','','','','','2012-11-16'),('01152SJ   ','22528_PRCH',22528,'I',3,698.979,0,'Casino','01152SJ   ',630.2786,'Poker','','','','','','','','','','2012-09-04'),('01148BP   ','2',9,'N',2,690.63,0,'Sportsbook','01196ZZ   ',630,'Vegas','','','','','','','','','','2012-09-05'),('00C017    ','22527_PRCH',22527,'I',6,680,0,'Poker','00J381    ',626,'Sportsbook','','','','','','','','','','2012-12-07'),('00C017    ','22527_PRCH',22527,'I',4,680,0,'Poker','00357DG   ',625,'Vegas','','','','','','','','','','2012-12-14'),('01284UW   ','46',5,'I',29,676,816,'Sportsbook','00C017    ',625,'Poker','','','','','','','','','','2012-12-22'),('01284UW   ','273',3,'I',17,675,1018.12,'Sportsbook','01152SJ   ',624.8048,'Casino','','','','','','','','','','2012-11-30'),('01152SJ   ','22527_PRCH',22527,'I',9,671.3076,0,'Poker','01152SJ   ',624.1808,'Casino','','','','','','','','','','2012-12-13'),('00J381    ','2',9,'M',4,664.38,800,'Sportsbook','01152SJ   ',623.6014,'Casino','','','','','','','','','','2012-11-13'),('01152SJ   ','22527_PRCH',22527,'I',4,662.2825,0,'Poker','01152SJ   ',620.0903,'Poker','','','','','','','','','','2012-12-11'),('01152SJ   ','22528_PRCH',22528,'I',6,656.291,0,'Casino','00357DG   ',602,'Games','','','','','','','','','','2012-09-12'),('00J381    ','2',9,'M',3,656.24,756.25,'Sportsbook','01148BP   ',600,'Sportsbook','','','','','','','','','','2012-12-28'),('00357DG   ','22512_XFER',22512,'I',92,656,304.7,'Vegas','01196ZZ   ',600,'Sportsbook','','','','','','','','','','2012-11-16'),('00C017    ','22508_STKE',22508,'I',48,656,0,'Bingo','00775SM   ',587.2,'Bingo','','','','','','','','','','2012-09-28'),('00C017    ','22527_PRCH',22527,'I',3,650,0,'Poker','01152SJ   ',586.717,'Casino','','','','','','','','','','2012-09-14'),('00J381    ','2',9,'M',5,650,866,'Sportsbook','00J381    ',580,'Sportsbook','','','','','','','','','','2012-09-22'),('00J381    ','323',9,'M',3,650,0,'Sportsbook','00J381    ',575,'Sportsbook','','','','','','','','','','2012-10-11'),('01148BP   ','2',9,'M',2,650,0,'Sportsbook','00C017    ',570,'Poker','','','','','','','','','','2012-11-19'),('01284UW   ','1',5,'I',2,650,0,'Sportsbook','00357DG   ',564,'Games','','','','','','','','','','2012-10-12'),('01152SJ   ','22527_PRCH',22527,'I',1,630.2786,0,'Poker','01152SJ   ',561.7977,'Casino','','','','','','','','','','2012-09-04'),('01196ZZ   ','22512_XFER',22512,'I',5,630,180,'Vegas','01152SJ   ',561.7627,'Poker','','','','','','','','','','2012-12-20'),('00J381    ','2',9,'M',3,626,352,'Sportsbook','00C017    ',560,'Poker','','','','','','','','','','2012-10-07'),('00357DG   ','22512_XFER',22512,'I',294,625,946.9,'Vegas','00J381    ',560,'Sportsbook','','','','','','','','','','2012-10-12'),('00C017    ','22527_PRCH',22527,'I',3,625,0,'Poker','01284UW   ',560,'Sportsbook','','','','','','','','','','2012-09-21'),('01152SJ   ','22528_PRCH',22528,'I',4,624.8048,0,'Casino','01152SJ   ',555.3497,'Casino','','','','','','','','','','2012-10-22'),('01152SJ   ','22528_PRCH',22528,'I',4,624.8048,0,'Casino','00J381    ',550,'Sportsbook','','','','','','','','','','2012-10-23'),('01152SJ   ','22528_PRCH',22528,'I',1,624.1808,0,'Casino','01196ZZ   ',550,'Sportsbook','','','','','','','','','','2012-11-28'),('01152SJ   ','22528_PRCH',22528,'I',1,623.6014,0,'Casino','00C017    ',545,'Poker','','','','','','','','','','2012-10-27'),('01152SJ   ','22527_PRCH',22527,'I',1,620.0903,0,'Poker','00J381    ',540,'Sportsbook','','','','','','','','','','2012-10-01'),('00357DG   ','638',0,'I',133,602,548.1,'Games','01148BP   ',538.75,'Sportsbook','','','','','','','','','','2012-11-17'),('01148BP   ','2',9,'I',2,600,0,'Sportsbook','00J381    ',536.75,'Sportsbook','','','','','','','','','','2012-09-04'),('01148BP   ','2',9,'N',1,600,0,'Sportsbook','01196ZZ   ',536,'Sportsbook','','','','','','','','','','2012-10-19'),('01148BP   ','2',9,'I',2,600,600,'Sportsbook','00C017    ',531.9,'Bingo','','','','','','','','','','2012-11-11'),('01148BP   ','2',9,'I',3,600,1500,'Sportsbook','00J381    ',520,'Sportsbook','','','','','','','','','','2012-11-29'),('01196ZZ   ','3',8,'I',3,600,0,'Sportsbook','00J381    ',510.75,'Sportsbook','','','','','','','','','','2012-11-28'),('00775SM   ','22508_STKE',22508,'I',569,587.2,0,'Bingo','01284UW   ',510,'Sportsbook','','','','','','','','','','2012-10-07'),('01152SJ   ','22528_PRCH',22528,'I',3,586.717,0,'Casino','01152SJ   ',503.8416,'Poker','','','','','','','','','','2012-09-06'),('00J381    ','2',9,'M',4,580,0,'Sportsbook','00J381    ',502.1,'Sportsbook','','','','','','','','','','2012-10-02'),('00J381    ','46',5,'M',7,575,0,'Sportsbook','00J381    ',500.25,'Sportsbook','','','','','','','','','','2012-10-07'),('00C017    ','22527_PRCH',22527,'I',2,570,0,'Poker','00C017    ',500,'Poker','','','','','','','','','','2012-10-12'),('00357DG   ','635',0,'I',76,564,347.9,'Games','00J381    ',500,'Sportsbook','','','','','','','','','','2012-11-26'),('01152SJ   ','22528_PRCH',22528,'I',4,561.7977,0,'Casino','01148BP   ',500,'Sportsbook','','','','','','','','','','2012-10-11'),('01152SJ   ','22527_PRCH',22527,'I',1,561.7627,0,'Poker','01148BP   ',500,'#N/A','','','','','','','','','','2012-11-28'),('00C017    ','22527_PRCH',22527,'I',2,560,0,'Poker','01196ZZ   ',500,'Sportsbook','','','','','','','','','','2012-11-18'),('00J381    ','323',9,'M',2,560,0,'Sportsbook','01152SJ   ',499.2511,'Poker','','','','','','','','','','2012-12-09'),('01284UW   ','275',5,'I',11,560,441.63,'Sportsbook','01152SJ   ',493.5025,'Poker','','','','','','','','','','2012-10-25'),('01152SJ   ','22528_PRCH',22528,'I',6,555.3497,0,'Casino','01152SJ   ',489.6747,'Casino','','','','','','','','','','2012-09-30'),('00J381    ','42',4,'M',2,550,484.62,'Sportsbook','01284UW   ',487,'Sportsbook','','','','','','','','','','2012-10-02'),('01196ZZ   ','1',5,'I',7,550,109.15,'Sportsbook','00J381    ',480,'Sportsbook','','','','','','','','','','2012-11-17'),('00C017    ','22527_PRCH',22527,'I',2,545,0,'Poker','01284UW   ',477.5,'Sportsbook','','','','','','','','','','2012-11-16'),('00J381    ','2',9,'M',3,540,866.67,'Sportsbook','00J381    ',475,'Sportsbook','','','','','','','','','','2012-09-14'),('00J381    ','46',5,'M',6,540,1120,'Sportsbook','01284UW   ',475,'Sportsbook','','','','','','','','','','2012-09-30'),('00J381    ','275',5,'M',7,540,780,'Sportsbook','01152SJ   ',472.1435,'Poker','','','','','','','','','','2012-10-02'),('01148BP   ','2',9,'N',1,538.75,0,'Sportsbook','01148BP   ',471.89,'Sportsbook','','','','','','','','','','2012-12-03'),('00J381    ','42',4,'M',3,536.75,0,'Sportsbook','01284UW   ',470,'Sportsbook','','','','','','','','','','2012-09-23'),('01196ZZ   ','2',9,'I',6,536,572,'Sportsbook','00357DG   ',461,'Vegas','','','','','','','','','','2012-12-15'),('00C017    ','22508_STKE',22508,'I',56,531.9,0,'Bingo','00J381    ',460.89,'Sportsbook','','','','','','','','','','2012-12-02'),('00J381    ','1',5,'M',10,520,600,'Sportsbook','00C017    ',460,'Poker','','','','','','','','','','2012-09-23'),('00J381    ','2',9,'M',3,520,525,'Sportsbook','01196ZZ   ',460,'Sportsbook','','','','','','','','','','2012-10-17'),('00J381    ','2',9,'M',3,520,0,'Sportsbook','00J381    ',456,'Sportsbook','','','','','','','','','','2012-11-28'),('00J381    ','323',9,'M',3,510.75,0,'Sportsbook','00J381    ',450,'Sportsbook','','','','','','','','','','2012-09-19'),('01284UW   ','1',5,'I',4,510,0,'Sportsbook','01148BP   ',450,'Sportsbook','','','','','','','','','','2012-10-10'),('01152SJ   ','22527_PRCH',22527,'I',4,503.8416,0,'Poker','01196ZZ   ',450,'Sportsbook','','','','','','','','','','2012-09-05'),('00J381    ','42',4,'M',2,502.1,414.72,'Sportsbook','01284UW   ',450,'Sportsbook','','','','','','','','','','2012-10-01'),('00J381    ','275',5,'N',3,500.25,674.07,'Sportsbook','01152SJ   ',448.6818,'Poker','','','','','','','','','','2012-12-05'),('00C017    ','22527_PRCH',22527,'I',2,500,0,'Poker','00C017    ',445,'Poker','','','','','','','','','','2012-09-07'),('00C017    ','22527_PRCH',22527,'I',3,500,0,'Poker','00J381    ',444.62,'Sportsbook','','','','','','','','','','2012-10-05'),('00C017    ','22527_PRCH',22527,'I',2,500,0,'Poker','00J381    ',440,'Sportsbook','','','','','','','','','','2012-11-09'),('00C017    ','22527_PRCH',22527,'I',2,500,0,'Poker','00J381    ',430,'Sportsbook','','','','','','','','','','2012-11-20'),('00J381    ','323',9,'M',3,500,1519.38,'Sportsbook','01284UW   ',427,'Sportsbook','','','','','','','','','','2012-12-26'),('01148BP   ','2',9,'I',2,500,0,'Sportsbook','00357DG   ',420,'Vegas','','','','','','','','','','2012-09-03'),('01148BP   ','2',9,'N',2,500,0,'Sportsbook','00J381    ',420,'Sportsbook','','','','','','','','','','2012-09-06'),('01148BP   ','',0,'N',1,500,500,'#N/A','01152SJ   ',418.8285,'Poker','','','','','','','','','','2012-09-13'),('01148BP   ','2',9,'N',1,500,850,'Sportsbook','00357DG   ',416,'Vegas','','','','','','','','','','2012-09-13'),('01148BP   ','2',9,'M',1,500,954.55,'Sportsbook','01148BP   ',412,'Sportsbook','','','','','','','','','','2012-09-16'),('01148BP   ','2',9,'I',3,500,0,'Sportsbook','00J381    ',410.75,'Sportsbook','','','','','','','','','','2012-09-25'),('01148BP   ','2',9,'M',1,500,1400,'Sportsbook','00775SM   ',403.1,'Bingo','','','','','','','','','','2012-10-01'),('01148BP   ','2',9,'I',2,500,0,'Sportsbook','01284UW   ',403,'Sportsbook','','','','','','','','','','2012-10-13'),('01148BP   ','2',9,'N',1,500,0,'Sportsbook','01152SJ   ',400.5465,'Poker','','','','','','','','','','2012-10-23'),('01148BP   ','2',9,'N',1,500,1875,'Sportsbook','01152SJ   ',400.0499,'Poker','','','','','','','','','','2012-11-07'),('01148BP   ','2',9,'M',1,500,1250,'Sportsbook','00C017    ',400,'Poker','','','','','','','','','','2012-12-06'),('01148BP   ','2',9,'I',2,500,900,'Sportsbook','00J381    ',400,'Sportsbook','','','','','','','','','','2012-12-08'),('01196ZZ   ','2',9,'I',3,500,0,'Sportsbook','00J381    ',400,'#N/A','','','','','','','','','','2012-10-08'),('01152SJ   ','22527_PRCH',22527,'I',1,499.2511,0,'Poker','01148BP   ',400,'Sportsbook','','','','','','','','','','2012-11-06'),('01152SJ   ','22527_PRCH',22527,'I',1,493.5025,0,'Poker','01196ZZ   ',400,'Sportsbook','','','','','','','','','','2012-12-26'),('01152SJ   ','22528_PRCH',22528,'I',4,489.6747,0,'Casino','00J381    ',393.4,'Sportsbook','','','','','','','','','','2012-12-18'),('01284UW   ','46',5,'I',22,487,455,'Sportsbook','01196ZZ   ',390,'Sportsbook','','','','','','','','','','2012-12-03'),('00J381    ','323',9,'M',2,480,0,'Sportsbook','01196ZZ   ',385,'Sportsbook','','','','','','','','','','2012-11-28'),('01284UW   ','46',5,'I',31,477.5,570.45,'Sportsbook','00J381    ',380,'Sportsbook','','','','','','','','','','2012-12-20'),('00J381    ','2',9,'M',3,475,675,'Sportsbook','01148BP   ',375,'Sportsbook','','','','','','','','','','2012-11-21'),('01284UW   ','274',5,'I',8,475,0,'Sportsbook','01152SJ   ',374.3682,'Casino','','','','','','','','','','2012-10-30'),('01152SJ   ','22527_PRCH',22527,'I',4,472.1435,0,'Poker','01152SJ   ',372.2777,'Casino','','','','','','','','','','2012-09-06'),('01148BP   ','2',9,'N',2,471.89,1394.59,'Sportsbook','00J381    ',367.5,'Sportsbook','','','','','','','','','','2012-10-24'),('01284UW   ','1',5,'I',4,470,0,'Sportsbook','00J381    ',360,'Sportsbook','','','','','','','','','','2012-10-26'),('00357DG   ','22512_XFER',22512,'I',237,461,210.3,'Vegas','00357DG   ',354,'Games','','','','','','','','','','2012-10-26'),('00J381    ','2',9,'N',3,460.89,1476.23,'Sportsbook','01284UW   ',354,'Sportsbook','','','','','','','','','','2012-09-12'),('00C017    ','22527_PRCH',22527,'I',3,460,0,'Poker','00C017    ',350,'Poker','','','','','','','','','','2012-09-28'),('01196ZZ   ','3',8,'I',5,460,270,'Sportsbook','00J381    ',350,'Sportsbook','','','','','','','','','','2012-09-25'),('00J381    ','323',9,'M',3,456,656.25,'Sportsbook','01148BP   ',350,'Sportsbook','','','','','','','','','','2012-12-05'),('00J381    ','1',5,'M',2,450,920,'Sportsbook','01196ZZ   ',350,'Casino','','','','','','','','','','2012-09-22'),('00J381    ','42',4,'M',4,450,647.5,'Sportsbook','01196ZZ   ',350,'Sportsbook','','','','','','','','','','2012-09-28'),('00J381    ','323',9,'M',4,450,0,'Sportsbook','01284UW   ',350,'Sportsbook','','','','','','','','','','2012-11-23'),('01148BP   ','2',9,'N',1,450,0,'Sportsbook','00C017    ',348.55,'Poker','','','','','','','','','','2012-10-09'),('01196ZZ   ','2',9,'I',5,450,0,'Sportsbook','00J381    ',340,'Sportsbook','','','','','','','','','','2012-10-26'),('01284UW   ','46',5,'I',2,450,0,'Sportsbook','01148BP   ',337.5,'Sportsbook','','','','','','','','','','2012-10-10'),('01152SJ   ','22527_PRCH',22527,'I',6,448.6818,0,'Poker','00J381    ',335,'Sportsbook','','','','','','','','','','2012-12-12'),('00C017    ','22527_PRCH',22527,'I',3,445,0,'Poker','00C017    ',330,'Poker','','','','','','','','','','2012-09-02'),('00J381    ','323',9,'M',3,444.62,0,'Sportsbook','00357DG   ',324,'Vegas','','','','','','','','','','2012-10-03'),('00J381    ','323',9,'N',2,440,0,'Sportsbook','01152SJ   ',322.2607,'Poker','','','','','','','','','','2012-09-10'),('00J381    ','323',9,'M',3,430,650,'Sportsbook','00357DG   ',321,'Games','','','','','','','','','','2012-09-28'),('00J381    ','1',5,'M',6,430,0,'Sportsbook','00C017    ',320,'Poker','','','','','','','','','','2012-11-17'),('01284UW   ','274',5,'I',22,427,100,'Sportsbook','00J381    ',320,'Sportsbook','','','','','','','','','','2012-12-02'),('00357DG   ','22512_XFER',22512,'I',42,420,255,'Vegas','00J381    ',319,'Sportsbook','','','','','','','','','','2012-12-06'),('00J381    ','5',11,'M',2,420,0,'Sportsbook','00J381    ',316.67,'Sportsbook','','','','','','','','','','2012-09-22'),('01152SJ   ','22527_PRCH',22527,'I',5,418.8285,0,'Poker','01152SJ   ',312.1099,'Poker','','','','','','','','','','2012-11-07'),('00357DG   ','22512_XFER',22512,'I',118,416,316.4,'Vegas','01152SJ   ',312.032,'Casino','','','','','','','','','','2012-11-03'),('01148BP   ','2',9,'M',1,412,0,'Sportsbook','00J381    ',311.31,'Sportsbook','','','','','','','','','','2012-09-27'),('00J381    ','323',9,'M',3,410.75,0,'Sportsbook','00C017    ',310,'Poker','','','','','','','','','','2012-11-17'),('00775SM   ','22508_STKE',22508,'I',123,403.1,0,'Bingo','00J381    ',310,'Sportsbook','','','','','','','','','','2012-09-30'),('01284UW   ','273',3,'I',13,403,485.26,'Sportsbook','00J381    ',308.05,'Sportsbook','','','','','','','','','','2012-12-03'),('01152SJ   ','22527_PRCH',22527,'I',1,400.5465,0,'Poker','00J381    ',308,'Sportsbook','','','','','','','','','','2012-12-06'),('01152SJ   ','22527_PRCH',22527,'I',1,400.0499,0,'Poker','00J381    ',306.26,'Sportsbook','','','','','','','','','','2012-10-13'),('00C017    ','22527_PRCH',22527,'I',1,400,0,'Poker','01152SJ   ',305.3577,'Poker','','','','','','','','','','2012-12-02'),('00J381    ','323',9,'M',1,400,0,'Sportsbook','00J381    ',305,'Sportsbook','','','','','','','','','','2012-10-07'),('00J381    ','',0,'N',1,400,0,'#N/A','00C017    ',300,'Poker','','','','','','','','','','2012-10-09'),('00J381    ','323',9,'N',1,400,0,'Sportsbook','00J381    ',300,'Sportsbook','','','','','','','','','','2012-11-11'),('00J381    ','323',9,'N',1,400,0,'Sportsbook','01148BP   ',300,'Sportsbook','','','','','','','','','','2012-11-13'),('00J381    ','323',9,'M',1,400,0,'Sportsbook','00357DG   ',295.21,'Adjustments','','','','','','','','','','2012-12-31'),('01148BP   ','1',5,'I',1,400,820,'Sportsbook','01284UW   ',295,'Sportsbook','','','','','','','','','','2012-09-16'),('01148BP   ','1',5,'M',1,400,359.38,'Sportsbook','01152SJ   ',292.6138,'Casino','','','','','','','','','','2012-09-16'),('01148BP   ','2',9,'N',1,400,0,'Sportsbook','00J381    ',290,'Sportsbook','','','','','','','','','','2012-10-02'),('01148BP   ','2',9,'I',1,400,0,'Sportsbook','01196ZZ   ',285,'Sportsbook','','','','','','','','','','2012-10-14'),('01148BP   ','2',9,'M',3,400,0,'Sportsbook','01152SJ   ',284.3962,'Poker','','','','','','','','','','2012-11-24'),('01148BP   ','2',9,'N',1,400,0,'Sportsbook','00J381    ',283,'Sportsbook','','','','','','','','','','2012-11-29'),('01196ZZ   ','2',9,'I',2,400,450,'Sportsbook','00J381    ',281.5,'Sportsbook','','','','','','','','','','2012-09-25'),('00J381    ','2',9,'M',2,393.4,0,'Sportsbook','00C017    ',281,'Poker','','','','','','','','','','2012-11-27'),('01196ZZ   ','3',8,'I',4,390,672.5,'Sportsbook','00J381    ',280,'Sportsbook','','','','','','','','','','2012-11-24'),('01196ZZ   ','3',8,'I',3,385,362.5,'Sportsbook','00J381    ',277.5,'Sportsbook','','','','','','','','','','2012-10-16'),('00J381    ','1',5,'M',6,380,0,'Sportsbook','01196ZZ   ',275,'Sportsbook','','','','','','','','','','2012-10-07'),('00J381    ','323',9,'M',2,380,0,'Sportsbook','00J381    ',274,'Sportsbook','','','','','','','','','','2012-12-22'),('01148BP   ','2',9,'I',2,375,0,'Sportsbook','00357DG   ',272,'Vegas','','','','','','','','','','2012-11-05'),('01152SJ   ','22528_PRCH',22528,'I',5,374.3682,0,'Casino','00J381    ',270.87,'Sportsbook','','','','','','','','','','2012-09-13'),('01152SJ   ','22528_PRCH',22528,'I',2,372.2777,0,'Casino','00J381    ',270,'Sportsbook','','','','','','','','','','2012-09-15'),('00J381    ','323',9,'M',2,367.5,0,'Sportsbook','01148BP   ',268,'Sportsbook','','','','','','','','','','2012-12-20'),('00J381    ','1',5,'M',9,360,0,'Sportsbook','01196ZZ   ',267,'Sportsbook','','','','','','','','','','2012-09-16'),('00J381    ','323',9,'N',2,360,0,'Sportsbook','01284UW   ',267,'Sportsbook','','','','','','','','','','2012-12-29'),('00357DG   ','613',0,'I',178,354,203,'Games','00C017    ',260,'Poker','','','','','','','','','','2012-11-08'),('01284UW   ','274',5,'I',17,354,100,'Sportsbook','00J381    ',260,'Sportsbook','','','','','','','','','','2012-11-04'),('00C017    ','22527_PRCH',22527,'I',2,350,0,'Poker','01284UW   ',260,'Sportsbook','','','','','','','','','','2012-10-18'),('00C017    ','22527_PRCH',22527,'I',1,350,0,'Poker','00J381    ',258,'Sportsbook','','','','','','','','','','2012-12-09'),('00J381    ','323',9,'N',2,350,0,'Sportsbook','00C017    ',250,'Poker','','','','','','','','','','2012-09-24'),('00J381    ','275',5,'M',5,350,0,'Sportsbook','00J381    ',250,'Sportsbook','','','','','','','','','','2012-10-03'),('00J381    ','323',9,'M',2,350,0,'Sportsbook','01148BP   ',250,'Sportsbook','','','','','','','','','','2012-10-04'),('00J381    ','2',9,'M',2,350,0,'Sportsbook','01196ZZ   ',250,'Sportsbook','','','','','','','','','','2012-10-08'),('00J381    ','323',9,'M',2,350,1185.94,'Sportsbook','01152SJ   ',249.5377,'Poker','','','','','','','','','','2012-11-22'),('00J381    ','323',9,'M',2,350,0,'Sportsbook','00J381    ',248.13,'Sportsbook','','','','','','','','','','2012-12-10'),('00J381    ','323',9,'M',2,350,0,'Sportsbook','00J381    ',244,'Sportsbook','','','','','','','','','','2012-12-12'),('00J381    ','323',9,'M',2,350,1340.63,'Sportsbook','00J381    ',240,'Sportsbook','','','','','','','','','','2012-12-30'),('01148BP   ','2',9,'M',1,350,0,'Sportsbook','01196ZZ   ',240,'Sportsbook','','','','','','','','','','2012-12-02'),('01196ZZ   ','22528_PRCH',22528,'I',2,350,0,'Casino','01196ZZ   ',237,'Casino','','','','','','','','','','2012-11-28'),('01196ZZ   ','2',9,'I',1,350,0,'Sportsbook','01284UW   ',232.9,'Sportsbook','','','','','','','','','','2012-12-01'),('01284UW   ','275',5,'I',4,350,0,'Sportsbook','00C017    ',230,'Poker','','','','','','','','','','2012-11-01'),('00C017    ','22527_PRCH',22527,'I',3,348.55,0,'Poker','00J381    ',230,'Sportsbook','','','','','','','','','','2012-10-07'),('00J381    ','40',6,'M',2,340,0,'Sportsbook','00497XG   ',228.31,'Games','','','','','','','','','','2012-09-30'),('01148BP   ','2',9,'N',1,337.5,0,'Sportsbook','01196ZZ   ',227.8,'Vegas','','','','','','','','','','2012-10-10'),('00J381    ','1',5,'M',5,335,0,'Sportsbook','00J381    ',227.25,'Sportsbook','','','','','','','','','','2012-09-17'),('00C017    ','22527_PRCH',22527,'I',2,330,0,'Poker','01284UW   ',226,'Sportsbook','','','','','','','','','','2012-09-08'),('00C017    ','22527_PRCH',22527,'I',2,330,0,'Poker','01196ZZ   ',225,'Sportsbook','','','','','','','','','','2012-10-26'),('00357DG   ','22512_XFER',22512,'I',58,324,124.2,'Vegas','01196ZZ   ',225,'Casino','','','','','','','','','','2012-11-21'),('01152SJ   ','22527_PRCH',22527,'I',3,322.2607,0,'Poker','01152SJ   ',223.3667,'Poker','','','','','','','','','','2012-10-08'),('00357DG   ','635',0,'I',107,321,141.6,'Games','00497XG   ',222.4,'Games','','','','','','','','','','2012-11-19'),('00C017    ','22527_PRCH',22527,'I',2,320,0,'Poker','00J381    ',220,'Sportsbook','','','','','','','','','','2012-11-02'),('00J381    ','323',9,'M',3,320,0,'Sportsbook','01284UW   ',220,'Sportsbook','','','','','','','','','','2012-10-10'),('00J381    ','2',9,'M',2,320,660,'Sportsbook','01152SJ   ',216.3966,'Casino','','','','','','','','','','2012-11-12'),('00J381    ','42',4,'M',1,319,0,'Sportsbook','01284UW   ',216,'Sportsbook','','','','','','','','','','2012-12-27'),('00J381    ','2',9,'M',2,316.67,0,'Sportsbook','01152SJ   ',215.4744,'Casino','','','','','','','','','','2012-10-01'),('01152SJ   ','22527_PRCH',22527,'I',1,312.1099,0,'Poker','01284UW   ',213,'Sportsbook','','','','','','','','','','2012-10-11'),('01152SJ   ','22528_PRCH',22528,'I',5,312.032,0,'Casino','00J381    ',212,'Sportsbook','','','','','','','','','','2012-11-06'),('00J381    ','19',1,'M',1,311.31,0,'Sportsbook','01196ZZ   ',207,'Sportsbook','','','','','','','','','','2012-10-08'),('00C017    ','22527_PRCH',22527,'I',1,310,0,'Poker','00J381    ',205.94,'Sportsbook','','','','','','','','','','2012-10-14'),('00J381    ','2',9,'M',2,310,780,'Sportsbook','00J381    ',204,'Sportsbook','','','','','','','','','','2012-10-10'),('00J381    ','323',9,'M',2,308.05,0,'Sportsbook','00J381    ',202.25,'Sportsbook','','','','','','','','','','2012-10-02'),('00J381    ','1',5,'M',2,308,0,'Sportsbook','00357DG   ',202,'Vegas','','','','','','','','','','2012-12-11'),('00J381    ','323',9,'M',2,306.26,528.13,'Sportsbook','00C017    ',200,'Poker','','','','','','','','','','2012-09-17'),('01152SJ   ','22527_PRCH',22527,'I',1,305.3577,0,'Poker','00C017    ',200,'Sportsbook','','','','','','','','','','2012-10-04'),('00J381    ','323',9,'M',2,305,0,'Sportsbook','00J381    ',200,'Sportsbook','','','','','','','','','','2012-10-17'),('00C017    ','22527_PRCH',22527,'I',2,300,0,'Poker','01148BP   ',200,'Sportsbook','','','','','','','','','','2012-09-03'),('00C017    ','22527_PRCH',22527,'I',1,300,0,'Poker','01196ZZ   ',200,'Casino','','','','','','','','','','2012-10-19'),('00J381    ','323',9,'M',4,300,0,'Sportsbook','01196ZZ   ',200,'Vegas','','','','','','','','','','2012-09-01'),('00J381    ','323',9,'N',2,300,0,'Sportsbook','01284UW   ',200,'Sportsbook','','','','','','','','','','2012-09-13'),('00J381    ','323',9,'M',2,300,893.75,'Sportsbook','00C017    ',190,'Poker','','','','','','','','','','2012-09-18'),('00J381    ','323',9,'M',2,300,0,'Sportsbook','01152SJ   ',186.6368,'Casino','','','','','','','','','','2012-10-05'),('00J381    ','323',9,'M',2,300,0,'Sportsbook','01152SJ   ',186.544,'Casino','','','','','','','','','','2012-10-15'),('00J381    ','323',9,'N',2,300,0,'Sportsbook','00J381    ',180,'Sportsbook','','','','','','','','','','2012-10-30'),('00J381    ','323',9,'M',2,300,0,'Sportsbook','01196ZZ   ',180,'Sportsbook','','','','','','','','','','2012-11-08'),('00J381    ','323',9,'M',2,300,0,'Sportsbook','00J381    ',178,'Sportsbook','','','','','','','','','','2012-11-14'),('00J381    ','2',9,'N',2,300,0,'Sportsbook','01152SJ   ',174.0428,'Casino','','','','','','','','','','2012-11-15'),('00J381    ','2',9,'M',2,300,0,'Sportsbook','01152SJ   ',171.9011,'Casino','','','','','','','','','','2012-11-23'),('00J381    ','323',9,'M',2,300,0,'Sportsbook','00J381    ',170,'Sportsbook','','','','','','','','','','2012-12-04'),('00J381    ','323',9,'M',2,300,0,'Sportsbook','01152SJ   ',160.0591,'Casino','','','','','','','','','','2012-12-16'),('00J381    ','323',9,'M',2,300,0,'Sportsbook','00C017    ',160,'Poker','','','','','','','','','','2012-12-21'),('01148BP   ','2',9,'M',2,300,250,'Sportsbook','00J381    ',160,'Sportsbook','','','','','','','','','','2012-10-26'),('01148BP   ','2',9,'I',1,300,0,'Sportsbook','00J381    ',160,'#N/A','','','','','','','','','','2012-12-06'),('00357DG   ','CSH_PPAL',0,'I',0,295.21,0,'Adjustments','01196ZZ   ',160,'Sportsbook','','','','','','','','','','2012-12-11'),('01284UW   ','274',5,'I',12,295,254.55,'Sportsbook','00J381    ',155,'Sportsbook','','','','','','','','','','2012-11-05'),('01152SJ   ','22528_PRCH',22528,'I',4,292.6138,0,'Casino','01284UW   ',155,'Sportsbook','','','','','','','','','','2012-09-19'),('00J381    ','323',9,'N',2,290,0,'Sportsbook','00J381    ',153.63,'Sportsbook','','','','','','','','','','2012-09-21'),('01196ZZ   ','2',9,'I',3,285,0,'Sportsbook','00C017    ',152.99,'Poker','','','','','','','','','','2012-09-18'),('01152SJ   ','22527_PRCH',22527,'I',2,284.3962,0,'Poker','00357DG   ',151,'Games','','','','','','','','','','2012-09-01'),('00J381    ','275',5,'M',5,283,0,'Sportsbook','00J381    ',150.31,'Sportsbook','','','','','','','','','','2012-09-18'),('00J381    ','323',9,'M',2,281.5,1584.38,'Sportsbook','00C017    ',150,'Poker','','','','','','','','','','2012-11-10'),('00C017    ','22527_PRCH',22527,'I',2,281,0,'Poker','00J381    ',150,'Sportsbook','','','','','','','','','','2012-09-01'),('00J381    ','2',9,'N',3,280,0,'Sportsbook','00J381    ',150,'#N/A','','','','','','','','','','2012-11-22'),('00J381    ','42',4,'M',2,277.5,277.5,'Sportsbook','01284UW   ',150,'Sportsbook','','','','','','','','','','2012-09-27'),('01196ZZ   ','2',9,'I',1,275,0,'Sportsbook','00357DG   ',148,'Vegas','','','','','','','','','','2012-11-18'),('00J381    ','2',9,'N',2,274,0,'Sportsbook','01284UW   ',145,'Sportsbook','','','','','','','','','','2012-11-25'),('00357DG   ','22512_XFER',22512,'I',136,272,142.6,'Vegas','00J381    ',143.13,'Sportsbook','','','','','','','','','','2012-10-25'),('00J381    ','323',9,'M',2,270.87,528.13,'Sportsbook','01284UW   ',141.5,'Sportsbook','','','','','','','','','','2012-09-16'),('00J381    ','323',9,'N',2,270,0,'Sportsbook','00J381    ',140,'Sportsbook','','','','','','','','','','2012-11-02'),('01148BP   ','2',9,'M',1,268,938,'Sportsbook','01284UW   ',140,'Sportsbook','','','','','','','','','','2012-12-03'),('01196ZZ   ','1',5,'I',2,267,427.35,'Sportsbook','01152SJ   ',138.5216,'Poker','','','','','','','','','','2012-10-20'),('01284UW   ','275',5,'I',15,267,0,'Sportsbook','01152SJ   ',137.5665,'Poker','','','','','','','','','','2012-12-04'),('00C017    ','22527_PRCH',22527,'I',1,260,0,'Poker','01152SJ   ',135.7116,'Poker','','','','','','','','','','2012-12-30'),('00J381    ','323',9,'M',1,260,0,'Sportsbook','00C017    ',133.5,'Bingo','','','','','','','','','','2012-10-01'),('00J381    ','323',9,'M',2,260,0,'Sportsbook','00J381    ',130,'Sportsbook','','','','','','','','','','2012-11-12'),('01284UW   ','46',5,'I',17,260,0,'Sportsbook','00357DG   ',126,'Games','','','','','','','','','','2012-11-30'),('00J381    ','40',6,'M',2,258,0,'Sportsbook','01152SJ   ',125.6834,'Casino','','','','','','','','','','2012-09-16'),('00C017    ','22527_PRCH',22527,'I',2,250,0,'Poker','01152SJ   ',125.4347,'Poker','','','','','','','','','','2012-09-11'),('00C017    ','22527_PRCH',22527,'I',2,250,0,'Poker','00J381    ',125,'Sportsbook','','','','','','','','','','2012-10-11'),('00C017    ','22527_PRCH',22527,'I',1,250,0,'Poker','01148BP   ',125,'Sportsbook','','','','','','','','','','2012-10-27'),('00C017    ','22527_PRCH',22527,'I',2,250,0,'Poker','01152SJ   ',124.8284,'Casino','','','','','','','','','','2012-10-31'),('00C017    ','22527_PRCH',22527,'I',1,250,0,'Poker','01152SJ   ',124.7738,'Casino','','','','','','','','','','2012-11-21'),('00C017    ','22527_PRCH',22527,'I',2,250,0,'Poker','00C017    ',122,'Poker','','','','','','','','','','2012-11-27'),('00J381    ','19',1,'M',1,250,0,'Sportsbook','01284UW   ',121.7,'Sportsbook','','','','','','','','','','2012-09-18'),('00J381    ','2',9,'N',1,250,1500,'Sportsbook','00J381    ',120.38,'Sportsbook','','','','','','','','','','2012-11-24'),('00J381    ','1',5,'M',3,250,0,'Sportsbook','00C017    ',120,'Poker','','','','','','','','','','2012-11-27'),('00J381    ','323',9,'N',2,250,0,'Sportsbook','00J381    ',120,'Sportsbook','','','','','','','','','','2012-12-14'),('00J381    ','2',9,'N',1,250,0,'Sportsbook','00357DG   ',116,'Games','','','','','','','','','','2012-12-18'),('00J381    ','323',9,'M',2,250,687.5,'Sportsbook','00J381    ',116,'#N/A','','','','','','','','','','2012-12-19'),('01148BP   ','2',9,'I',1,250,0,'Sportsbook','01284UW   ',115,'Sportsbook','','','','','','','','','','2012-09-02'),('01148BP   ','2',9,'N',1,250,0,'Sportsbook','00J381    ',110,'Sportsbook','','','','','','','','','','2012-09-24'),('01148BP   ','2',9,'N',1,250,2500,'Sportsbook','01196ZZ   ',105,'Sportsbook','','','','','','','','','','2012-11-06'),('01148BP   ','2',9,'N',1,250,0,'Sportsbook','01284UW   ',102,'Sportsbook','','','','','','','','','','2012-11-08'),('01148BP   ','2',9,'M',1,250,687.5,'Sportsbook','00J381    ',100.07,'Sportsbook','','','','','','','','','','2012-11-21'),('01148BP   ','2',9,'I',5,250,400,'Sportsbook','00357DG   ',100,'Sportsbook','','','','','','','','','','2012-12-04'),('01196ZZ   ','2',9,'M',4,250,1175,'Sportsbook','00C017    ',100,'Poker','','','','','','','','','','2012-10-13'),('01152SJ   ','22527_PRCH',22527,'I',6,249.5377,0,'Poker','00J381    ',100,'Sportsbook','','','','','','','','','','2012-12-23'),('00J381    ','325',13,'M',1,248.13,496.26,'Sportsbook','01196ZZ   ',100,'Sportsbook','','','','','','','','','','2012-09-16'),('00J381    ','42',4,'M',1,244,0,'Sportsbook','01196ZZ   ',100,'Casino','','','','','','','','','','2012-12-06'),('00J381    ','323',9,'M',1,240,0,'Sportsbook','01196ZZ   ',100,'Vegas','','','','','','','','','','2012-09-23'),('01196ZZ   ','2',9,'I',4,240,550,'Sportsbook','01284UW   ',100,'Sportsbook','','','','','','','','','','2012-10-16'),('01196ZZ   ','22528_PRCH',22528,'I',3,237,0,'Casino','01152SJ   ',99.3357,'Poker','','','','','','','','','','2012-09-29'),('01284UW   ','273',3,'I',10,232.9,300.71,'Sportsbook','00C017    ',97.2,'Bingo','','','','','','','','','','2012-12-24'),('00C017    ','22527_PRCH',22527,'I',3,230,0,'Poker','00357DG   ',96,'Games','','','','','','','','','','2012-12-03'),('00J381    ','323',9,'N',2,230,0,'Sportsbook','01284UW   ',92,'Sportsbook','','','','','','','','','','2012-09-05'),('00J381    ','2',9,'N',2,230,0,'Sportsbook','00357DG   ',90,'Games','','','','','','','','','','2012-10-12'),('00J381    ','323',9,'N',2,230,0,'Sportsbook','01196ZZ   ',90,'Sportsbook','','','','','','','','','','2012-11-04'),('00J381    ','2',9,'M',4,230,0,'Sportsbook','01284UW   ',88,'Sportsbook','','','','','','','','','','2012-11-19'),('00497XG   ','452',0,'I',369,228.31,123.36,'Games','01284UW   ',83.1,'Sportsbook','','','','','','','','','','2012-09-02'),('01196ZZ   ','22512_XFER',22512,'I',79,227.8,112,'Vegas','00357DG   ',82,'Games','','','','','','','','','','2012-09-18'),('00J381    ','40',6,'M',1,227.25,900,'Sportsbook','01152SJ   ',80.0838,'Poker','','','','','','','','','','2012-10-07'),('01284UW   ','46',5,'I',8,226,304,'Sportsbook','00J381    ',80,'Sportsbook','','','','','','','','','','2012-12-04'),('01196ZZ   ','36',5,'I',5,225,0,'Sportsbook','00357DG   ',76,'Games','','','','','','','','','','2012-10-16'),('01196ZZ   ','2',9,'I',3,225,175,'Sportsbook','01284UW   ',76,'Sportsbook','','','','','','','','','','2012-11-10'),('01196ZZ   ','22528_PRCH',22528,'I',2,225,0,'Casino','01284UW   ',75,'Sportsbook','','','','','','','','','','2012-12-13'),('01152SJ   ','22527_PRCH',22527,'I',2,223.3667,0,'Poker','00357DG   ',72,'Games','','','','','','','','','','2012-09-15'),('00497XG   ','601',0,'I',85,222.4,156.5,'Games','00J381    ',70.13,'Sportsbook','','','','','','','','','','2012-12-30'),('00J381    ','42',4,'M',1,220,0,'Sportsbook','01284UW   ',68,'Sportsbook','','','','','','','','','','2012-09-30'),('00J381    ','2',9,'M',2,220,600,'Sportsbook','01284UW   ',67,'Sportsbook','','','','','','','','','','2012-10-27'),('00J381    ','1',5,'N',2,220,0,'Sportsbook','00357DG   ',64,'Games','','','','','','','','','','2012-10-27'),('00J381    ','2',9,'N',2,220,0,'Sportsbook','01284UW   ',64,'Sportsbook','','','','','','','','','','2012-10-27'),('00J381    ','323',9,'M',2,220,0,'Sportsbook','01152SJ   ',62.9802,'Casino','','','','','','','','','','2012-10-27'),('00J381    ','2',9,'M',1,220,0,'Sportsbook','01152SJ   ',62.1504,'Poker','','','','','','','','','','2012-12-19'),('01284UW   ','274',5,'I',2,220,0,'Sportsbook','01152SJ   ',62.004,'Casino','','','','','','','','','','2012-10-25'),('01152SJ   ','22528_PRCH',22528,'I',5,216.3966,0,'Casino','01152SJ   ',61.8276,'Casino','','','','','','','','','','2012-12-17'),('01284UW   ','274',5,'I',6,216,12.69,'Sportsbook','00357DG   ',60,'Games','','','','','','','','','','2012-12-25'),('01152SJ   ','22528_PRCH',22528,'I',1,215.4744,0,'Casino','00J381    ',60,'Sportsbook','','','','','','','','','','2012-10-30'),('01284UW   ','1',5,'I',13,213,41.37,'Sportsbook','01196ZZ   ',60,'Casino','','','','','','','','','','2012-12-25'),('00J381    ','1',5,'M',1,212,0,'Sportsbook','01196ZZ   ',60,'Sportsbook','','','','','','','','','','2012-10-20'),('01196ZZ   ','2',9,'I',1,207,0,'Sportsbook','01284UW   ',58.2,'Sportsbook','','','','','','','','','','2012-10-18'),('00J381    ','40',6,'M',2,205.94,0,'Sportsbook','01284UW   ',58,'Sportsbook','','','','','','','','','','2012-11-23'),('00J381    ','2',9,'M',1,204,0,'Sportsbook','01284UW   ',55,'Sportsbook','','','','','','','','','','2012-09-23'),('00J381    ','2',9,'M',1,202.25,0,'Sportsbook','01284UW   ',54.97,'Sportsbook','','','','','','','','','','2012-11-09'),('00357DG   ','22512_XFER',22512,'I',101,202,127.1,'Vegas','00J381    ',50.19,'Sportsbook','','','','','','','','','','2012-09-15'),('00C017    ','22527_PRCH',22527,'I',1,200,0,'Poker','00C017    ',50,'Poker','','','','','','','','','','2012-09-15'),('00C017    ','22527_PRCH',22527,'I',2,200,0,'Poker','00J381    ',50,'Sportsbook','','','','','','','','','','2012-09-29'),('00C017    ','22527_PRCH',22527,'I',1,200,0,'Poker','01196ZZ   ',50,'Sportsbook','','','','','','','','','','2012-10-25'),('00C017    ','2',9,'I',4,200,400,'Sportsbook','01196ZZ   ',50,'Casino','','','','','','','','','','2012-11-24'),('00J381    ','323',9,'N',2,200,0,'Sportsbook','01284UW   ',50,'Sportsbook','','','','','','','','','','2012-09-06'),('00J381    ','2',9,'M',1,200,0,'Sportsbook','00357DG   ',49.8,'Bingo','','','','','','','','','','2012-09-08'),('00J381    ','323',9,'N',1,200,406.25,'Sportsbook','00775SM   ',49.25,'Games','','','','','','','','','','2012-09-09'),('00J381    ','323',9,'N',1,200,0,'Sportsbook','00357DG   ',48,'Games','','','','','','','','','','2012-09-11'),('00J381    ','2',9,'N',1,200,568.75,'Sportsbook','01284UW   ',46,'Sportsbook','','','','','','','','','','2012-09-14'),('00J381    ','2',9,'N',1,200,0,'Sportsbook','01284UW   ',41,'Sportsbook','','','','','','','','','','2012-09-24'),('00J381    ','323',9,'N',1,200,3300.78,'Sportsbook','01284UW   ',40.3,'Sportsbook','','','','','','','','','','2012-09-30'),('00J381    ','2',9,'M',1,200,0,'Sportsbook','01196ZZ   ',40,'Sportsbook','','','','','','','','','','2012-10-05'),('00J381    ','323',9,'M',1,200,0,'Sportsbook','01196ZZ   ',40,'Casino','','','','','','','','','','2012-10-06'),('00J381    ','323',9,'M',1,200,0,'Sportsbook','01284UW   ',39.51,'Sportsbook','','','','','','','','','','2012-10-08'),('00J381    ','323',9,'M',1,200,0,'Sportsbook','01284UW   ',39.3,'Sportsbook','','','','','','','','','','2012-10-09'),('00J381    ','2',9,'M',1,200,0,'Sportsbook','00775SM   ',39,'Vegas','','','','','','','','','','2012-10-11'),('00J381    ','323',9,'M',2,200,0,'Sportsbook','01284UW   ',38,'Sportsbook','','','','','','','','','','2012-10-14'),('00J381    ','2',9,'N',1,200,0,'Sportsbook','01284UW   ',37,'Sportsbook','','','','','','','','','','2012-10-16'),('00J381    ','323',9,'M',2,200,0,'Sportsbook','00775SM   ',36.5,'Games','','','','','','','','','','2012-10-24'),('00J381    ','2',9,'M',2,200,0,'Sportsbook','00775SM   ',34.75,'Games','','','','','','','','','','2012-10-25'),('00J381    ','2',9,'M',1,200,0,'Sportsbook','01284UW   ',34.5,'Sportsbook','','','','','','','','','','2012-11-05'),('00J381    ','2',9,'N',1,200,0,'Sportsbook','01152SJ   ',30.9828,'Poker','','','','','','','','','','2012-11-10'),('00J381    ','40',6,'M',1,200,0,'Sportsbook','00775SM   ',30.77,'Vegas','','','','','','','','','','2012-11-14'),('00J381    ','5',11,'M',1,200,0,'Sportsbook','01284UW   ',30,'Sportsbook','','','','','','','','','','2012-11-17'),('00J381    ','323',9,'M',1,200,0,'Sportsbook','01284UW   ',25,'Sportsbook','','','','','','','','','','2012-11-18'),('00J381    ','323',9,'N',1,200,0,'Sportsbook','00775SM   ',24.6,'Vegas','','','','','','','','','','2012-11-20'),('00J381    ','1',5,'N',4,200,0,'Sportsbook','00357DG   ',24,'Games','','','','','','','','','','2012-11-25'),('00J381    ','2',9,'M',1,200,700,'Sportsbook','00775SM   ',24,'Vegas','','','','','','','','','','2012-11-26'),('00J381    ','323',9,'M',1,200,0,'Sportsbook','01284UW   ',24,'Sportsbook','','','','','','','','','','2012-11-30'),('00J381    ','323',9,'M',1,200,0,'Sportsbook','01284UW   ',20.6,'Sportsbook','','','','','','','','','','2012-12-01'),('00J381    ','323',9,'M',1,200,0,'Sportsbook','00357DG   ',20,'Casino','','','','','','','','','','2012-12-08'),('00J381    ','1',5,'I',1,200,0,'Sportsbook','00775SM   ',20,'Casino','','','','','','','','','','2012-12-11'),('00J381    ','323',9,'M',1,200,528.13,'Sportsbook','01196ZZ   ',20,'Sportsbook','','','','','','','','','','2012-12-11'),('00J381    ','2',9,'M',1,200,0,'Sportsbook','01284UW   ',20,'Sportsbook','','','','','','','','','','2012-12-14'),('00J381    ','1',5,'N',2,200,0,'Sportsbook','01284UW   ',19,'Sportsbook','','','','','','','','','','2012-12-16'),('00J381    ','323',9,'M',1,200,0,'Sportsbook','00497XG   ',18.6,'Games','','','','','','','','','','2012-12-17'),('00J381    ','323',9,'M',1,200,0,'Sportsbook','00775SM   ',18,'Sportsbook','','','','','','','','','','2012-12-23'),('01148BP   ','2',9,'I',1,200,0,'Sportsbook','01284UW   ',18,'Sportsbook','','','','','','','','','','2012-09-10'),('01148BP   ','2',9,'N',1,200,0,'Sportsbook','01284UW   ',13.85,'Sportsbook','','','','','','','','','','2012-09-11'),('01148BP   ','2',9,'I',1,200,0,'Sportsbook','01152SJ   ',13.1013,'Casino','','','','','','','','','','2012-09-19'),('01148BP   ','2',9,'M',1,200,0,'Sportsbook','00775SM   ',12.8,'Games','','','','','','','','','','2012-09-30'),('01148BP   ','2',9,'N',1,200,0,'Sportsbook','01152SJ   ',12.3084,'Poker','','','','','','','','','','2012-10-31'),('01148BP   ','2',9,'I',1,200,0,'Sportsbook','01284UW   ',10.7,'Sportsbook','','','','','','','','','','2012-11-22'),('01196ZZ   ','22528_PRCH',22528,'I',1,200,0,'Casino','00775SM   ',10,'Sportsbook','','','','','','','','','','2012-10-20'),('01196ZZ   ','22512_XFER',22512,'I',2,200,0,'Vegas','01196ZZ   ',10,'Sportsbook','','','','','','','','','','2012-12-07'),('01196ZZ   ','22512_XFER',22512,'I',1,200,0,'Vegas','01284UW   ',10,'Sportsbook','','','','','','','','','','2012-12-21'),('01284UW   ','36',5,'I',2,200,0,'Sportsbook','01284UW   ',8,'Sportsbook','','','','','','','','','','2012-10-30'),('00C017    ','22527_PRCH',22527,'I',1,190,0,'Poker','00775SM   ',6,'Sportsbook','','','','','','','','','','2012-09-18'),('00C017    ','22527_PRCH',22527,'I',2,190,0,'Poker','01284UW   ',6,'Sportsbook','','','','','','','','','','2012-10-21'),('01152SJ   ','22528_PRCH',22528,'I',1,186.6368,0,'Casino','00775SM   ',5.25,'Games','','','','','','','','','','2012-10-10'),('01152SJ   ','22528_PRCH',22528,'I',1,186.544,0,'Casino','00775SM   ',5,'Sportsbook','','','','','','','','','','2012-11-04'),('00J381    ','2',9,'N',1,180,0,'Sportsbook','01284UW   ',5,'Sportsbook','','','','','','','','','','2012-09-08'),('00J381    ','2',9,'M',2,180,0,'Sportsbook','00497XG   ',4.7,'Games','','','','','','','','','','2012-09-27'),('00J381    ','323',9,'M',1,180,402.19,'Sportsbook','01284UW   ',4.5,'Sportsbook','','','','','','','','','','2012-10-20'),('00J381    ','323',9,'M',1,180,1608.75,'Sportsbook','00775SM   ',4,'Sportsbook','','','','','','','','','','2012-11-16'),('00J381    ','1',5,'M',3,180,0,'Sportsbook','00775SM   ',3,'Sportsbook','','','','','','','','','','2012-12-29'),('01196ZZ   ','1',5,'I',5,180,91.67,'Sportsbook','00775SM   ',2.9,'Bingo','','','','','','','','','','2012-09-29'),('00J381    ','2',9,'M',1,178,0,'Sportsbook','00775SM   ',2,'Games','','','','','','','','','','2012-11-17'),('01152SJ   ','22528_PRCH',22528,'I',4,174.0428,0,'Casino','00497XG   ',1.36,'Games','','','','','','','','','','2012-12-13'),('01152SJ   ','22528_PRCH',22528,'I',1,171.9011,0,'Casino','00775SM   ',0.25,'Games','','','','','','','','','','2012-10-19'),('00J381    ','1',5,'M',4,170,0,'Sportsbook','00775SM   ',0.13,'Games','','','','','','','','','','2012-09-30'),('00J381    ','2',9,'N',1,170,0,'Sportsbook','00357DG   ',0,'Vegas','','','','','','','','','','2012-11-30'),('01152SJ   ','22528_PRCH',22528,'I',1,160.0591,0,'Casino','00357DG   ',0,'Games','','','','','','','','','','2012-09-20'),('00C017    ','22527_PRCH',22527,'I',1,160,0,'Poker','00357DG   ',0,'Bingo','','','','','','','','','','2012-10-28'),('00J381    ','2',9,'N',1,160,0,'Sportsbook','00497XG   ',0,'Games','','','','','','','','','','2012-10-19'),('00J381    ','',0,'N',1,160,0,'#N/A','00497XG   ',0,'#N/A','','','','','','','','','','2012-12-29'),('01196ZZ   ','1',5,'M',2,160,300.91,'Sportsbook','00775SM   ',0,'Vegas','','','','','','','','','','2012-09-23'),('00J381    ','1',5,'M',5,155,0,'Sportsbook','00775SM   ',0,'Games','','','','','','','','','','2012-09-29'),('01284UW   ','46',5,'I',14,155,97.75,'Sportsbook','00775SM   ',0,'Bingo','','','','','','','','','','2012-12-08'),('00J381    ','45',17,'M',1,153.63,0,'Sportsbook','00C017    ',0,'Poker','','','','','','','','','','2012-09-10'),('00C017    ','22527_PRCH',22527,'I',2,152.99,0,'Poker','00C017    ',0,'Bingo','','','','','','','','','','2012-11-10'),('00357DG   ','635',0,'I',33,151,41.6,'Games','00J381    ',0,'Sportsbook','','','','','','','','','','2012-12-05'),('00J381    ','323',9,'M',1,150.31,1343.4,'Sportsbook','01148BP   ',0,'Sportsbook','','','','','','','','','','2012-11-26'),('00C017    ','22527_PRCH',22527,'I',2,150,0,'Poker','01152SJ   ',0,'Poker','','','','','','','','','','2012-09-16'),('00C017    ','22527_PRCH',22527,'I',1,150,0,'Poker','01152SJ   ',0,'Casino','','','','','','','','','','2012-12-04'),('00C017    ','22527_PRCH',22527,'I',2,150,0,'Poker','01196ZZ   ',0,'Vegas','','','','','','','','','','2012-12-12'),('00C017    ','22527_PRCH',22527,'I',1,150,0,'Poker','01196ZZ   ',0,'Casino','','','','','','','','','','2012-12-23'),('00J381    ','323',9,'M',1,150,0,'Sportsbook','01284UW   ',0,'Sportsbook','','','','','','','','','','2012-09-02'),('00J381    ','323',9,'M',1,150,0,'Sportsbook','01148BP   ',-300,'Sportsbook','','','','','','','','','','2012-09-03');
/*!40000 ALTER TABLE `betting` ENABLE KEYS */;
UNLOCK TABLES;

--
-- Table structure for table `customer`
--

DROP TABLE IF EXISTS `customer`;
/*!40101 SET @saved_cs_client     = @@character_set_client */;
/*!50503 SET character_set_client = utf8mb4 */;
CREATE TABLE `customer` (
  `CustId` int NOT NULL,
  `AccountLocation` text,
  `Title` text,
  `FirstName` text,
  `LastName` text,
  `CreateDate` text,
  `CountryCode` text,
  `Language` text,
  `Status` text,
  `DateOfBirth` text,
  `Contact` text,
  `CustomerGroup` text,
  PRIMARY KEY (`CustId`)
) ENGINE=InnoDB DEFAULT CHARSET=utf8mb4 COLLATE=utf8mb4_0900_ai_ci;
/*!40101 SET character_set_client = @saved_cs_client */;

--
-- Dumping data for table `customer`
--

LOCK TABLES `customer` WRITE;
/*!40000 ALTER TABLE `customer` DISABLE KEYS */;
INSERT INTO `customer` VALUES (889782,'GIB','Mr','Bob','Marley','16/01/2008','UK ','en','A','18/04/1964','Y','Silver'),(1191874,'GIB','Mr','Jim','Morrison','19/09/2008','US','en','A','27/07/1967','Y','Gold'),(1569944,'GIB','Miss','Janice','Joplin','09/04/2009','US','en','A','22/08/1954','Y','Gold'),(1965214,'GIB','Mr','Sidney','Vicious','18/12/2009','UK ','en','A','12/08/1976','N','Bronze'),(2815836,'GIB','Mr','Buddy','Holly','17/10/2010','US','en','A','13/01/1964','Y','Silver'),(3042166,'GIB','Mr','Keith','Moon','11/01/2011','UK ','en','A','26/07/1970','Y','Gold'),(3531845,'GIB','Mr','Bon','Scott','02/04/2011','AU','en','A','22/10/1975','N','Silver'),(4188499,'GIB','Mr','Elvis','Presley','01/11/2011','US','en','A','18/10/1948','Y','Bronze'),(4704925,'GIB','Mr','Marc','Bolan','26/03/2012','UK ','en','A','11/03/1982','Y','Bronze'),(5694730,'GIB','Mr','James','Hendrix','10/10/2012','US','en','A','05/04/1976','N','Bronze');
/*!40000 ALTER TABLE `customer` ENABLE KEYS */;
UNLOCK TABLES;

--
-- Table structure for table `product`
--

DROP TABLE IF EXISTS `product`;
/*!40101 SET @saved_cs_client     = @@character_set_client */;
/*!50503 SET character_set_client = utf8mb4 */;
CREATE TABLE `product` (
  `ClassId` text NOT NULL,
  `CategoryId` int DEFAULT NULL,
  `Product` text,
  `SubProduct` text,
  `Description` text,
  `BetOrPlay` int DEFAULT NULL,
  PRIMARY KEY (`ClassId`(20))
) ENGINE=InnoDB DEFAULT CHARSET=utf8mb4 COLLATE=utf8mb4_0900_ai_ci;
/*!40101 SET character_set_client = @saved_cs_client */;

--
-- Dumping data for table `product`
--

LOCK TABLES `product` WRITE;
/*!40000 ALTER TABLE `product` DISABLE KEYS */;
INSERT INTO `product` VALUES ('',0,'Sportsbook','Various','Manual Bets (Various)',1),('1',5,'Sportsbook','Football','UK Football',1),('10',16,'Sportsbook','Other Sports','Boxing',1),('15',2,'Sportsbook','Baseball','Baseball',1),('182',0,'Games','FReactor','FReactor',1),('19',1,'Sportsbook','American Football','American Football',1),('2',9,'Sportsbook','Horse Racing','Horse Racing - Live',1),('22508_RTNS',22508,'Bingo','Bingo VF','Bingo VF Returns',1),('22508_STKE',22508,'Bingo','Bingo VF','Bingo VF Stakes',1),('22512_XFER',22512,'Vegas','Vegas','Vegas Transfers',1),('22522_SALE',22522,'Vegas','Vegas Bonus','Vegas',0),('22527_PRCH',22527,'Poker','Poker Playtech CashIn','Poker Playtech',1),('22527_SALE',22527,'Poker','Poker Playtech CashOut','Poker Playtech',1),('22528_PRCH',22528,'Casino','Casino Playtech CashIn','Casino Playtech',1),('22528_SALE',22528,'Casino','Casino Playtech CashOut','Casino Playtech',1),('273',3,'Sportsbook','Basketball','European Basketball',1),('274',5,'Sportsbook','Football','Other League Football',1),('275',5,'Sportsbook','Football','UEFA Club Competitions',1),('3',8,'Sportsbook','Greyhounds','Greyhounds - Live',1),('323',9,'Sportsbook','Horse Racing','Horse Racing - Specials',1),('325',13,'Sportsbook','Rugby League','Rugby League',1),('36',5,'Sportsbook','Football','International Football',1),('38',9,'Sportsbook','Horse Racing','Horse Racing - Tote Pools',1),('385',6,'Sportsbook','Golf','Golf Specials',1),('40',6,'Sportsbook','Golf','Mens Golf',1),('42',4,'Sportsbook','Cricket','International Cricket',1),('424',17,'Sportsbook','Tennis','Challenger Tennis',1),('434',0,'Games','Games tbc','Games tbc',1),('45',17,'Sportsbook','Tennis','Grand Slam Tennis',1),('452',0,'Games','Games tbc','Games tbc',1),('453',0,'Games','Games tbc','Games tbc',1),('46',5,'Sportsbook','Football','European Major Leagues',1),('5',11,'Sportsbook','Motor Racing','Formula 1',1),('579',0,'Games','Games tbc','Games tbc',1),('601',0,'Games','Games tbc','Games tbc',1),('612',0,'Games','Games tbc','Games tbc',1),('613',0,'Games','Games tbc','Games tbc',1),('616',0,'Games','Games tbc','Games tbc',1),('635',0,'Games','Games tbc','Games tbc',1),('638',0,'Games','Games tbc','Games tbc',1),('BETC_RET',0,'Sportsbook','Various','Bet Corrections',0),('BONS_GAM',0,'Games','Games Bonus','Games Bonus',0),('BONS_SPRB',0,'Sportsbook','SB Bonus','SB Bonus',0),('BONS_VEGA',0,'Vegas','Vegas Bonus','Vegas Bonus',0),('CSH_PPAL',0,'Adjustments','Banking Correction','PayPal',0),('GWIL_SPRT',0,'Sportsbook','Goodwill Payments','Goodwill Payments',0);
/*!40000 ALTER TABLE `product` ENABLE KEYS */;
UNLOCK TABLES;
/*!40103 SET TIME_ZONE=@OLD_TIME_ZONE */;

/*!40101 SET SQL_MODE=@OLD_SQL_MODE */;
/*!40014 SET FOREIGN_KEY_CHECKS=@OLD_FOREIGN_KEY_CHECKS */;
/*!40014 SET UNIQUE_CHECKS=@OLD_UNIQUE_CHECKS */;
/*!40101 SET CHARACTER_SET_CLIENT=@OLD_CHARACTER_SET_CLIENT */;
/*!40101 SET CHARACTER_SET_RESULTS=@OLD_CHARACTER_SET_RESULTS */;
/*!40101 SET COLLATION_CONNECTION=@OLD_COLLATION_CONNECTION */;
/*!40111 SET SQL_NOTES=@OLD_SQL_NOTES */;

-- Dump completed on 2025-04-05  7:58:55
